[09:47:00 29/4/2026] 🚀 Bắt đầu xử lý hàng đợi (1 bài viết)...
[09:47:01 29/4/2026] 
📝 Đang xử lý bài: post_001
[09:47:01 29/4/2026] 📝 Nội dung: Xin chào! Đây là bài đăng thử nghiệm tính năng đăn...
[09:47:01 29/4/2026] 🔗 Truy cập: https://www.facebook.com/me
[09:47:11 29/4/2026] 🖼️ Đang tải 1 ảnh...
[09:47:20 29/4/2026] ✍️ Đang nhập nội dung...
[09:47:22 29/4/2026] 🔘 Bấm nút Đăng...
[09:47:31 29/4/2026] ⏳ Chờ hoàn tất...
[09:47:41 29/4/2026] ✅ ĐĂNG BÀI THÀNH CÔNG!
[09:47:41 29/4/2026] 🏁 Kết thúc phiên làm việc.
[09:51:39 29/4/2026] 🚀 Bắt đầu xử lý hàng đợi (3 bài viết)...
[09:51:41 29/4/2026] 
📝 Đang xử lý bài: post_work
[09:51:41 29/4/2026] 📝 Nội dung: Không gian làm việc tương lai. Bạn có muốn làm việ...
[09:51:41 29/4/2026] 🔗 Truy cập: https://www.facebook.com/me
[09:51:51 29/4/2026] 🖼️ Đang tải 1 ảnh...
[09:52:00 29/4/2026] ✍️ Đang nhập nội dung...
[09:52:02 29/4/2026] 🔘 Bấm nút Đăng...
[09:52:05 29/4/2026] ⏳ Chờ hoàn tất...
[09:52:15 29/4/2026] ✅ ĐĂNG BÀI THÀNH CÔNG!
[09:52:15 29/4/2026] ==> Còn 2 bài. Đang nghỉ...
[09:55:02 29/4/2026] 
📝 Đang xử lý bài: post_cafe
[09:55:02 29/4/2026] 📝 Nội dung: Một buổi sáng bình yên tại quán cafe quen thuộc. ☕...
[09:55:02 29/4/2026] 🔗 Truy cập: https://www.facebook.com/me
[09:55:11 29/4/2026] 🖼️ Đang tải 1 ảnh...
[09:55:21 29/4/2026] ✍️ Đang nhập nội dung...
[09:55:23 29/4/2026] 🔘 Bấm nút Đăng...
[09:55:31 29/4/2026] ⏳ Chờ hoàn tất...
[09:55:41 29/4/2026] ✅ ĐĂNG BÀI THÀNH CÔNG!
[09:55:41 29/4/2026] ==> Còn 1 bài. Đang nghỉ...
[09:58:27 29/4/2026] 
📝 Đang xử lý bài: post_sunset
[09:58:27 29/4/2026] 📝 Nội dung: Ngắm hoàng hôn tuyệt đẹp trên biển. Một cảm giác t...
[09:58:27 29/4/2026] 🔗 Truy cập: https://www.facebook.com/me
[09:58:37 29/4/2026] 🖼️ Đang tải 1 ảnh...
[09:58:46 29/4/2026] ✍️ Đang nhập nội dung...
[09:58:48 29/4/2026] 🔘 Bấm nút Đăng...
[09:58:51 29/4/2026] ⏳ Chờ hoàn tất...
[09:59:01 29/4/2026] ✅ ĐĂNG BÀI THÀNH CÔNG!
[09:59:01 29/4/2026] 🏁 Kết thúc phiên làm việc.
[10:24:16 29/4/2026] 🚀 Bắt đầu xử lý hàng đợi (4 bài viết)...
[10:24:18 29/4/2026] 
📝 Đang xử lý bài: profile_1
[10:24:18 29/4/2026] 📝 Nội dung: Vẻ đẹp hùng vĩ của thiên nhiên luôn khiến con ngườ...
[10:24:18 29/4/2026] 🔗 Truy cập: https://www.facebook.com/me
[10:24:28 29/4/2026] 🖼️ Đang tải 1 ảnh...
[10:24:37 29/4/2026] ✍️ Đang nhập nội dung...
[10:24:39 29/4/2026] 🔘 Bấm nút Đăng...
[10:24:42 29/4/2026] ⏳ Chờ hoàn tất...
[10:24:52 29/4/2026] ✅ ĐĂNG BÀI THÀNH CÔNG!
[10:24:52 29/4/2026] ==> Còn 3 bài. Đang nghỉ...
[10:27:43 29/4/2026] 
📝 Đang xử lý bài: page_1
[10:27:43 29/4/2026] 📝 Nội dung: Kiến trúc hiện đại và sự giao thoa của ánh sáng ho...
[10:27:43 29/4/2026] 🔗 Truy cập: https://www.facebook.com/profile.php?id=61588688891696
[10:27:50 29/4/2026] 🔄 Phát hiện yêu cầu chuyển Profile. Đang thực hiện chuyển...
[10:28:00 29/4/2026] ✅ Đã chuyển profile thành công.
[10:28:33 29/4/2026] 🖼️ Đang tải 1 ảnh...
[10:28:42 29/4/2026] ✍️ Đang nhập nội dung...
[10:28:44 29/4/2026] 🔘 Bấm nút Đăng...
[10:29:14 29/4/2026] ❌ LỖI TRONG QUÁ TRÌNH ĐĂNG: locator.waitFor: Timeout 30000ms exceeded.
Call log:
[2m  - waiting for locator('div[aria-label="Đăng"][role="button"], div[aria-label="Post"][role="button"], div[aria-label="Tiếp"], div[aria-label="Next"]').last() to be visible[22m

[10:29:15 29/4/2026] 🏁 Kết thúc phiên làm việc.
[10:32:41 29/4/2026] 🚀 Bắt đầu xử lý hàng đợi (3 bài viết)...
[10:32:42 29/4/2026] 
📝 Đang xử lý bài: page_1
[10:32:42 29/4/2026] 📝 Nội dung: Kiến trúc hiện đại và sự giao thoa của ánh sáng ho...
[10:32:42 29/4/2026] 🔗 Truy cập: https://www.facebook.com/profile.php?id=61588688891696
[10:32:49 29/4/2026] 🔄 Phát hiện yêu cầu chuyển Profile. Đang thực hiện chuyển...
[10:32:59 29/4/2026] ✅ Đã chuyển profile thành công.
[10:33:32 29/4/2026] 🖼️ Đang tải 1 ảnh...
[10:33:41 29/4/2026] ✍️ Đang nhập nội dung...
[10:33:43 29/4/2026] 🔘 Bấm nút Đăng...
[10:34:13 29/4/2026] ❌ LỖI TRONG QUÁ TRÌNH ĐĂNG: locator.waitFor: Timeout 30000ms exceeded.
Call log:
  - waiting for locator('div[role="button"]').filter({ hasText: /^(Đăng|Post|Tiếp|Next)$/i }).last() to be visible

[10:34:14 29/4/2026] 🏁 Kết thúc phiên làm việc.
[10:37:00 29/4/2026] 🚀 Bắt đầu xử lý hàng đợi (3 bài viết)...
[10:37:01 29/4/2026] 
📝 Đang xử lý bài: page_1
[10:37:01 29/4/2026] 📝 Nội dung: Kiến trúc hiện đại và sự giao thoa của ánh sáng ho...
[10:37:01 29/4/2026] 🔗 Truy cập: https://www.facebook.com/profile.php?id=61588688891696
[10:37:09 29/4/2026] 🔄 Phát hiện yêu cầu chuyển Profile. Đang thực hiện chuyển...
[10:37:25 29/4/2026] ✅ Đã chuyển profile thành công.
[10:38:00 29/4/2026] 🔄 Phát hiện yêu cầu chuyển Profile. Đang thực hiện chuyển...
[10:38:15 29/4/2026] ✅ Đã chuyển profile thành công.
[10:38:15 29/4/2026] 🖼️ Đang tải 1 ảnh...
[10:38:27 29/4/2026] ✍️ Đang nhập nội dung...
[10:38:30 29/4/2026] 🔘 Bấm nút Đăng...
[10:39:00 29/4/2026] ❌ LỖI TRONG QUÁ TRÌNH ĐĂNG: locator.waitFor: Timeout 30000ms exceeded.
Call log:
  - waiting for locator('div[role="button"], div[aria-label="Đăng"], div[aria-label="Post"]').filter({ hasText: /^(Đăng|Post|Tiếp|Next)$/i }).last() to be visible

[10:39:00 29/4/2026] 🏁 Kết thúc phiên làm việc.
[10:40:33 29/4/2026] 🚀 Bắt đầu xử lý hàng đợi (3 bài viết)...
[10:40:34 29/4/2026] 
📝 Đang xử lý bài: page_1
[10:40:34 29/4/2026] 📝 Nội dung: Kiến trúc hiện đại và sự giao thoa của ánh sáng ho...
[10:40:34 29/4/2026] 🔗 Truy cập: https://www.facebook.com/profile.php?id=61588688891696
[10:40:46 29/4/2026] 🔄 [Lần 1] Phát hiện bảng Switch. Đang bấm chuyển...
[10:40:56 29/4/2026] 🔄 [Lần 2] Phát hiện bảng Switch. Đang bấm chuyển...
[10:41:06 29/4/2026] 🔄 [Lần 3] Phát hiện bảng Switch. Đang bấm chuyển...
[10:41:51 29/4/2026] 🔄 [Lần 1] Phát hiện bảng Switch. Đang bấm chuyển...
[10:42:01 29/4/2026] 🔄 [Lần 2] Phát hiện bảng Switch. Đang bấm chuyển...
[10:42:11 29/4/2026] 🔄 [Lần 3] Phát hiện bảng Switch. Đang bấm chuyển...
[10:42:21 29/4/2026] 🖼️ Đang tải 1 ảnh...
[10:42:36 29/4/2026] ✍️ Đang nhập nội dung...
[10:42:40 29/4/2026] 🔘 Bấm nút Đăng...
[10:42:40 29/4/2026] 🔄 [Lần 1] Phát hiện bảng Switch. Đang bấm chuyển...
[10:42:50 29/4/2026] 🔄 [Lần 2] Phát hiện bảng Switch. Đang bấm chuyển...
[10:43:00 29/4/2026] 🔄 [Lần 3] Phát hiện bảng Switch. Đang bấm chuyển...
[10:43:40 29/4/2026] ❌ LỖI TRONG QUÁ TRÌNH ĐĂNG: locator.waitFor: Timeout 30000ms exceeded.
Call log:
  - waiting for locator('div[role="button"], div[aria-label="Đăng"], div[aria-label="Post"]').filter({ hasText: /^(Đăng|Post|Tiếp|Next)$/i }).last() to be visible

[10:43:40 29/4/2026] 🏁 Kết thúc phiên làm việc.
[10:45:23 29/4/2026] 🚀 Bắt đầu xử lý hàng đợi (3 bài viết)...
[10:45:24 29/4/2026] 
📝 Đang xử lý bài: page_1
[10:45:24 29/4/2026] 📝 Nội dung: Kiến trúc hiện đại và sự giao thoa của ánh sáng ho...
[10:45:24 29/4/2026] 🔗 Truy cập: https://www.facebook.com/profile.php?id=61588688891696
[10:46:10 29/4/2026] 🖼️ Đang tải 1 ảnh...
[10:46:32 29/4/2026] ✍️ Đang nhập nội dung...
[10:46:35 29/4/2026] 🔘 Bấm nút Đăng...
[10:47:06 29/4/2026] ❌ LỖI TRONG QUÁ TRÌNH ĐĂNG: locator.waitFor: Timeout 30000ms exceeded.
Call log:
  - waiting for locator('div[role="button"], div[aria-label="Đăng"], div[aria-label="Post"]').filter({ hasText: /^(Đăng|Post|Tiếp|Next)$/i }).last() to be visible

[10:47:06 29/4/2026] 🏁 Kết thúc phiên làm việc.
[10:48:47 29/4/2026] 🚀 Bắt đầu xử lý hàng đợi (3 bài viết)...
[10:48:48 29/4/2026] 
📝 Đang xử lý bài: page_1
[10:48:48 29/4/2026] 📝 Nội dung: Kiến trúc hiện đại và sự giao thoa của ánh sáng ho...
[10:48:48 29/4/2026] 🔗 Truy cập: https://www.facebook.com/profile.php?id=61588688891696
[10:48:59 29/4/2026] 🔍 Đang tìm nút Tạo bài viết...
[10:49:02 29/4/2026] ⚠️ Không tìm thấy nút tạo bài thông thường, thử cách dự phòng...
[10:49:47 29/4/2026] ⚠️ Dialog không xuất hiện?
[10:49:47 29/4/2026] 🖼️ Đang tải 1 ảnh...
[10:50:20 29/4/2026] ❌ LỖI TRONG QUÁ TRÌNH ĐĂNG: locator.setInputFiles: Timeout 30000ms exceeded.
Call log:
  - waiting for locator('div[role="dialog"]').locator('input[type="file"]').last()

[10:50:20 29/4/2026] 🏁 Kết thúc phiên làm việc.
[10:50:42 29/4/2026] 🚀 Bắt đầu xử lý hàng đợi (3 bài viết)...
[10:50:42 29/4/2026] 
📝 Đang xử lý bài: page_1
[10:50:42 29/4/2026] 📝 Nội dung: Kiến trúc hiện đại và sự giao thoa của ánh sáng ho...
[10:50:42 29/4/2026] 🔗 Truy cập: https://www.facebook.com/profile.php?id=61588688891696
[10:50:58 29/4/2026] 🔍 Đang tìm nút Tạo bài viết...
[10:51:01 29/4/2026] ⚠️ Không tìm thấy nút tạo bài thông thường, thử cách dự phòng...
[10:51:46 29/4/2026] ⚠️ Dialog không xuất hiện?
[10:51:46 29/4/2026] 🖼️ Đang tải 1 ảnh...
[10:52:19 29/4/2026] ❌ LỖI TRONG QUÁ TRÌNH ĐĂNG: locator.setInputFiles: Timeout 30000ms exceeded.
Call log:
  - waiting for locator('div[role="dialog"]').locator('input[type="file"]').last()

[10:52:19 29/4/2026] 🏁 Kết thúc phiên làm việc.
[10:53:25 29/4/2026] 🚀 Bắt đầu xử lý hàng đợi (3 bài viết)...
[10:53:25 29/4/2026] 
📝 Đang xử lý bài: page_1
[10:53:25 29/4/2026] 📝 Nội dung: Kiến trúc hiện đại và sự giao thoa của ánh sáng ho...
[10:53:25 29/4/2026] 🔗 Truy cập: https://www.facebook.com/profile.php?id=61588688891696
[10:53:37 29/4/2026] 🔄 Phát hiện bảng Switch. Đang thực hiện chuyển...
[10:53:52 29/4/2026] ✅ Đã thực hiện lệnh chuyển profile.
[10:53:52 29/4/2026] 🔍 Đang tìm nút Tạo bài viết...
[10:53:55 29/4/2026] 🖼️ Đang tải 1 ảnh...
[10:54:28 29/4/2026] ❌ LỖI TRONG QUÁ TRÌNH ĐĂNG: locator.setInputFiles: Timeout 30000ms exceeded.
Call log:
  - waiting for locator('div[role="dialog"]').locator('input[type="file"]').last()

[10:54:29 29/4/2026] 🏁 Kết thúc phiên làm việc.
[10:55:19 29/4/2026] 🚀 Bắt đầu xử lý hàng đợi (3 bài viết)...
[10:55:20 29/4/2026] 
📝 Đang xử lý bài: page_1
[10:55:20 29/4/2026] 📝 Nội dung: Kiến trúc hiện đại và sự giao thoa của ánh sáng ho...
[10:55:20 29/4/2026] 🔗 Truy cập: https://www.facebook.com/profile.php?id=61588688891696
[10:55:32 29/4/2026] 🔄 Phát hiện bảng Switch. Đang thực hiện chuyển...
[10:55:47 29/4/2026] ✅ Đã thực hiện lệnh chuyển profile.
[10:55:47 29/4/2026] 🔍 Đang mở trình tạo bài viết (Ảnh/Video)...
[10:56:10 29/4/2026] ⚠️ Dialog chưa xuất hiện, vẫn tiếp tục...
[10:56:13 29/4/2026] 🖼️ Đang tải 1 ảnh...
[10:57:16 29/4/2026] ❌ LỖI TRONG QUÁ TRÌNH ĐĂNG: locator.setInputFiles: Timeout 30000ms exceeded.
Call log:
  - waiting for locator('div[role="dialog"]').locator('input[type="file"]').last()

[10:57:16 29/4/2026] 🏁 Kết thúc phiên làm việc.
[10:57:56 29/4/2026] 🚀 Bắt đầu xử lý hàng đợi (3 bài viết)...
[10:57:56 29/4/2026] 
📝 Đang xử lý bài: page_1
[10:57:56 29/4/2026] 📝 Nội dung: Kiến trúc hiện đại và sự giao thoa của ánh sáng ho...
[10:57:56 29/4/2026] 🔗 Truy cập: https://www.facebook.com/profile.php?id=61588688891696
[10:58:11 29/4/2026] 🔄 Phát hiện bảng Switch. Đang thực hiện chuyển...
[10:58:26 29/4/2026] ✅ Đã thực hiện lệnh chuyển profile.
[10:58:26 29/4/2026] 🔍 Đang mở trình tạo bài viết (Ảnh/Video)...
[10:58:49 29/4/2026] ⚠️ Dialog chưa xuất hiện, vẫn tiếp tục...
[10:58:52 29/4/2026] 🖼️ Đang tải 1 ảnh...
[10:59:09 29/4/2026] ✍️ Đang nhập nội dung...
[10:59:12 29/4/2026] 🔘 Bấm nút Đăng...
[11:00:02 29/4/2026] ❌ LỖI TRONG QUÁ TRÌNH ĐĂNG: locator.click: Timeout 30000ms exceeded.
Call log:
  - waiting for locator('div[role="button"]').filter({ hasText: /^(Đăng|Post|Tiếp|Next)$/i }).last()

[11:00:03 29/4/2026] 🏁 Kết thúc phiên làm việc.
[11:00:56 29/4/2026] 🚀 Bắt đầu xử lý hàng đợi (3 bài viết)...
[11:00:57 29/4/2026] 
📝 Đang xử lý bài: page_1
[11:00:57 29/4/2026] 📝 Nội dung: Kiến trúc hiện đại và sự giao thoa của ánh sáng ho...
[11:00:57 29/4/2026] 🔗 Truy cập: https://www.facebook.com/profile.php?id=61588688891696
[11:01:08 29/4/2026] 🔄 Phát hiện bảng Switch. Đang thực hiện chuyển...
[11:01:23 29/4/2026] ✅ Đã thực hiện lệnh chuyển profile.
[11:01:23 29/4/2026] 🔍 Đang mở trình tạo bài viết (Ảnh/Video)...
[11:01:47 29/4/2026] ⚠️ Dialog chưa xuất hiện, vẫn tiếp tục...
[11:01:50 29/4/2026] 🖼️ Đang tải 1 ảnh...
[11:02:07 29/4/2026] ✍️ Đang nhập nội dung...
[11:02:10 29/4/2026] 🔘 Bấm nút Đăng...
[11:03:00 29/4/2026] ❌ LỖI TRONG QUÁ TRÌNH ĐĂNG: locator.click: Timeout 30000ms exceeded.
Call log:
  - waiting for locator('div[role="button"]').filter({ hasText: /^(Đăng|Post|Tiếp|Next)$/i }).filter({ hasNotText: /Bình luận/i }).last()

[11:03:00 29/4/2026] 🏁 Kết thúc phiên làm việc.
[11:03:59 29/4/2026] 🚀 Bắt đầu xử lý hàng đợi (3 bài viết)...
[11:04:00 29/4/2026] 
📝 Đang xử lý bài: page_1
[11:04:00 29/4/2026] 📝 Nội dung: Kiến trúc hiện đại và sự giao thoa của ánh sáng ho...
[11:04:00 29/4/2026] 🔗 Truy cập: https://www.facebook.com/profile.php?id=61588688891696
[11:04:12 29/4/2026] 🔄 Phát hiện bảng Switch. Đang thực hiện chuyển...
[11:04:27 29/4/2026] ✅ Đã thực hiện lệnh chuyển profile.
[11:04:27 29/4/2026] 🔍 Đang truy tìm ô đăng bài...
[11:04:31 29/4/2026] ✅ Đã tìm thấy ô đăng bài. Đang mở...
[11:04:34 29/4/2026] 🖼️ Đang tải 1 ảnh...
[11:04:51 29/4/2026] ✍️ Đang nhập nội dung...
[11:04:54 29/4/2026] 🔘 Bấm nút Đăng...
[11:05:45 29/4/2026] ❌ LỖI TRONG QUÁ TRÌNH ĐĂNG: locator.click: Timeout 30000ms exceeded.
Call log:
  - waiting for locator('div[role="button"]').filter({ hasText: /^(Đăng|Post|Tiếp|Next)$/i }).filter({ hasNotText: /Bình luận/i }).last()

[11:05:45 29/4/2026] 🏁 Kết thúc phiên làm việc.
[11:06:56 29/4/2026] 🚀 Bắt đầu xử lý hàng đợi (3 bài viết)...
[11:06:57 29/4/2026] 
📝 Đang xử lý bài: page_1
[11:06:57 29/4/2026] 📝 Nội dung: Kiến trúc hiện đại và sự giao thoa của ánh sáng ho...
[11:06:57 29/4/2026] 🔗 Truy cập: https://www.facebook.com/profile.php?id=61588688891696
[11:07:09 29/4/2026] 🔄 Phát hiện yêu cầu chuyển Profile. Đang thực hiện chuyển...
[11:07:24 29/4/2026] ✅ Đã thực hiện lệnh chuyển profile.
[11:07:24 29/4/2026] 🔍 Đang mở trình tạo bài viết...
[11:07:32 29/4/2026] ⚠️ Dialog chưa hiện, thử phím tắt Escape + Click lại...
[11:07:34 29/4/2026] 🖼️ Đang tải 1 ảnh...
[11:07:51 29/4/2026] ✍️ Đang nhập nội dung...
[11:08:21 29/4/2026] ❌ LỖI TRONG QUÁ TRÌNH ĐĂNG: locator.click: Timeout 30000ms exceeded.
Call log:
  - waiting for locator('div[role="textbox"][contenteditable="true"]').filter({ hasText: /(Bạn đang nghĩ gì|What's on your mind|Viết gì đó|Write something)/i }).first()

[11:08:22 29/4/2026] 🏁 Kết thúc phiên làm việc.
[11:09:06 29/4/2026] 🚀 Bắt đầu xử lý hàng đợi (3 bài viết)...
[11:09:07 29/4/2026] 
📝 Đang xử lý bài: page_1
[11:09:07 29/4/2026] 📝 Nội dung: Kiến trúc hiện đại và sự giao thoa của ánh sáng ho...
[11:09:07 29/4/2026] 🔗 Truy cập: https://www.facebook.com/profile.php?id=61588688891696
[11:09:19 29/4/2026] 🔄 Phát hiện yêu cầu chuyển Profile. Đang thực hiện chuyển...
[11:09:34 29/4/2026] ✅ Đã thực hiện lệnh chuyển profile.
[11:09:34 29/4/2026] 🔍 Đang mở trình tạo bài viết...
[11:09:45 29/4/2026] 🖼️ Đang tải 1 ảnh...
[11:10:02 29/4/2026] ✍️ Đang nhập nội dung...
[11:10:05 29/4/2026] 🔘 Bấm nút Đăng...
[11:10:56 29/4/2026] ❌ LỖI TRONG QUÁ TRÌNH ĐĂNG: locator.click: Timeout 30000ms exceeded.
Call log:
  - waiting for locator('div[role="button"]').filter({ hasText: /^(Đăng|Post|Publish|Tiếp|Next)$/i }).filter({ hasNotText: /Bình luận/i }).last()

[11:10:56 29/4/2026] 🏁 Kết thúc phiên làm việc.
[11:14:32 29/4/2026] 🚀 Bắt đầu xử lý hàng đợi (3 bài viết)...
[11:14:33 29/4/2026] 
📝 Đang xử lý bài: page_1
[11:14:33 29/4/2026] 📝 Nội dung: Kiến trúc hiện đại và sự giao thoa của ánh sáng ho...
[11:14:33 29/4/2026] 🔗 Truy cập: https://www.facebook.com/profile.php?id=61588688891696
[11:14:46 29/4/2026] 🔄 Phát hiện yêu cầu chuyển Profile. Đang thực hiện chuyển...
[11:15:01 29/4/2026] ✅ Đã thực hiện lệnh chuyển profile.
[11:15:01 29/4/2026] 🔍 Đang mở trình tạo bài viết...
[11:15:12 29/4/2026] 🖼️ Đang tải 1 ảnh...
[11:15:29 29/4/2026] ✍️ Đang nhập nội dung...
[11:15:32 29/4/2026] 🔘 Bấm nút Đăng...
[11:16:23 29/4/2026] ❌ LỖI TRONG QUÁ TRÌNH ĐĂNG: locator.click: Timeout 30000ms exceeded.
Call log:
  - waiting for locator('div[role="button"]').filter({ hasText: /^(Đăng|Post|Publish|Tiếp|Next)$/i }).filter({ hasNotText: /Bình luận/i }).last()

[11:16:23 29/4/2026] 🏁 Kết thúc phiên làm việc.
[11:17:48 29/4/2026] 🚀 Bắt đầu xử lý hàng đợi (3 bài viết)...
[11:17:49 29/4/2026] 
📝 Đang xử lý bài: page_1
[11:17:49 29/4/2026] 📝 Nội dung: Kiến trúc hiện đại và sự giao thoa của ánh sáng ho...
[11:17:49 29/4/2026] 🔗 Truy cập: https://www.facebook.com/profile.php?id=61588688891696
[11:18:01 29/4/2026] 🔄 Phát hiện yêu cầu chuyển Profile. Đang thực hiện chuyển...
[11:18:17 29/4/2026] ✅ Đã thực hiện lệnh chuyển profile.
[11:18:17 29/4/2026] 🔍 Đang tìm ô đăng bài...
[11:18:30 29/4/2026] 🖼️ Đang tải 1 ảnh...
[11:18:47 29/4/2026] ✍️ Đang nhập nội dung...
[11:18:47 29/4/2026] ⚠️ Cảnh báo: Có thể không tìm thấy ô nhập liệu chính xác.
[11:18:50 29/4/2026] 🔘 Bấm nút Đăng...
[11:19:40 29/4/2026] ❌ LỖI TRONG QUÁ TRÌNH ĐĂNG: locator.click: Timeout 30000ms exceeded.
Call log:
  - waiting for locator('div[role="dialog"] div[role="button"], div[role="main"] div[role="button"]').filter({ hasText: /^(Đăng|Post|Publish|Tiếp|Next)$/i }).filter({ hasNotText: /Bình luận/i }).last()

[11:19:40 29/4/2026] 🏁 Kết thúc phiên làm việc.
[11:22:16 29/4/2026] 🚀 Bắt đầu xử lý hàng đợi (2 bài viết)...
[11:22:17 29/4/2026] 
📝 Đang xử lý bài: profile_final_1
[11:22:17 29/4/2026] 📝 Nội dung: Góc nhìn đô thị từ trên cao. Cảm hứng cho một ngày...
[11:22:17 29/4/2026] 🔗 Truy cập: https://www.facebook.com/me
[11:22:29 29/4/2026] 🔍 Đang tìm ô đăng bài...
[11:22:42 29/4/2026] 🖼️ Đang tải 1 ảnh...
[11:22:59 29/4/2026] ✍️ Đang nhập nội dung...
[11:22:59 29/4/2026] ⚠️ Cảnh báo: Có thể không tìm thấy ô nhập liệu chính xác.
[11:23:02 29/4/2026] 🔘 Bấm nút Đăng...
[11:23:52 29/4/2026] ❌ LỖI TRONG QUÁ TRÌNH ĐĂNG: locator.click: Timeout 30000ms exceeded.
Call log:
  - waiting for locator('div[role="dialog"] div[role="button"], div[role="main"] div[role="button"]').filter({ hasText: /^(Đăng|Post|Publish|Tiếp|Next)$/i }).filter({ hasNotText: /Bình luận/i }).last()

[11:23:53 29/4/2026] 🏁 Kết thúc phiên làm việc.
[11:24:28 29/4/2026] 🚀 Bắt đầu xử lý hàng đợi (2 bài viết)...
[11:24:29 29/4/2026] 
📝 Đang xử lý bài: profile_final_1
[11:24:29 29/4/2026] 📝 Nội dung: Góc nhìn đô thị từ trên cao. Cảm hứng cho một ngày...
[11:24:29 29/4/2026] 🔗 Truy cập: https://www.facebook.com/me
[11:24:42 29/4/2026] 🔍 Đang tìm ô đăng bài...
[11:24:55 29/4/2026] 🖼️ Đang tải 1 ảnh...
[11:25:12 29/4/2026] ✍️ Đang nhập nội dung...
[11:25:15 29/4/2026] 🔘 Bấm nút Đăng...
[11:26:05 29/4/2026] ❌ LỖI TRONG QUÁ TRÌNH ĐĂNG: locator.click: Timeout 30000ms exceeded.
Call log:
  - waiting for locator('div[role="dialog"] div[role="button"], div[role="main"] div[role="button"]').filter({ hasText: /^(Đăng|Post|Publish|Tiếp|Next)$/i }).last()

[11:26:06 29/4/2026] 🏁 Kết thúc phiên làm việc.
[11:27:14 29/4/2026] 🚀 Bắt đầu xử lý hàng đợi (2 bài viết)...
[11:27:15 29/4/2026] 
📝 Đang xử lý bài: profile_final_1
[11:27:15 29/4/2026] 📝 Nội dung: Góc nhìn đô thị từ trên cao. Cảm hứng cho một ngày...
[11:27:15 29/4/2026] 🔗 Truy cập: https://www.facebook.com
[11:27:28 29/4/2026] 🔍 Đang tìm ô đăng bài...
[11:27:34 29/4/2026] ⚠️ Không tìm thấy ô đăng bài bằng JS, thử bấm nút Ảnh/Video...
[11:27:34 29/4/2026] ❌ LỖI: Không thể tìm thấy khu vực đăng bài.
[11:27:34 29/4/2026] ❌ LỖI TRONG QUÁ TRÌNH ĐĂNG: Post area not found
[11:27:35 29/4/2026] 🏁 Kết thúc phiên làm việc.
[11:28:53 29/4/2026] 🚀 Bắt đầu xử lý hàng đợi (2 bài viết)...
[11:28:54 29/4/2026] 
📝 Đang xử lý bài: profile_final_1
[11:28:54 29/4/2026] 📝 Nội dung: Góc nhìn đô thị từ trên cao. Cảm hứng cho một ngày...
[11:28:54 29/4/2026] 🔗 Truy cập: https://www.facebook.com
[11:29:54 29/4/2026] ❌ LỖI TRONG QUÁ TRÌNH ĐĂNG: page.goto: Timeout 60000ms exceeded.
Call log:
  - navigating to "https://www.facebook.com/", waiting until "networkidle"

[11:29:54 29/4/2026] 🏁 Kết thúc phiên làm việc.
[11:30:34 29/4/2026] 🚀 Bắt đầu xử lý hàng đợi (2 bài viết)...
[11:30:35 29/4/2026] 
📝 Đang xử lý bài: profile_final_1
[11:30:35 29/4/2026] 📝 Nội dung: Góc nhìn đô thị từ trên cao. Cảm hứng cho một ngày...
[11:30:35 29/4/2026] 🔗 Truy cập: https://www.facebook.com
[11:30:55 29/4/2026] 🔍 Đang tìm ô đăng bài...
[11:31:04 29/4/2026] 🖼️ Đang tải 1 ảnh...
[11:31:21 29/4/2026] ✍️ Đang nhập nội dung...
[11:31:24 29/4/2026] 🔘 Bấm nút Đăng...
[11:31:29 29/4/2026] ⏳ Chờ hoàn tất...
[11:31:39 29/4/2026] ✅ ĐĂNG BÀI THÀNH CÔNG!
[11:31:39 29/4/2026] ==> Còn 1 bài. Đang nghỉ...
[11:32:41 29/4/2026] 
📝 Đang xử lý bài: profile_final_2
[11:32:41 29/4/2026] 📝 Nội dung: Khám phá những vùng đất mới, tận hưởng không khí t...
[11:32:41 29/4/2026] 🔗 Truy cập: https://www.facebook.com
[11:32:58 29/4/2026] 🔍 Đang tìm ô đăng bài...
[11:33:07 29/4/2026] 🖼️ Đang tải 1 ảnh...
[11:33:24 29/4/2026] ✍️ Đang nhập nội dung...
[11:33:28 29/4/2026] 🔘 Bấm nút Đăng...
[11:33:33 29/4/2026] ⏳ Chờ hoàn tất...
[11:33:43 29/4/2026] ✅ ĐĂNG BÀI THÀNH CÔNG!
[11:33:43 29/4/2026] 🏁 Kết thúc phiên làm việc.
[11:36:27 29/4/2026] 🚀 Bắt đầu xử lý hàng đợi (1 bài viết)...
[11:36:28 29/4/2026] 
📝 Đang xử lý bài: page_test_final
[11:36:28 29/4/2026] 📝 Nội dung: Kiến trúc tương lai và tầm nhìn công nghệ. Một bài...
[11:36:28 29/4/2026] 🔗 Truy cập: https://www.facebook.com/61588688891696
[11:36:45 29/4/2026] 🔄 Phát hiện yêu cầu chuyển Profile. Đang thực hiện chuyển...
[11:37:00 29/4/2026] ✅ Đã thực hiện lệnh chuyển profile.
[11:37:00 29/4/2026] 🔄 Đang quay lại Trang chủ để dùng Newsfeed của Page...
[11:37:13 29/4/2026] 🔍 Đang tìm ô đăng bài...
[11:37:22 29/4/2026] 🖼️ Đang tải 1 ảnh...
[11:37:39 29/4/2026] ✍️ Đang nhập nội dung...
[11:37:43 29/4/2026] 🔘 Bấm nút Đăng...
[11:37:58 29/4/2026] ⏳ Chờ hoàn tất...
[11:38:08 29/4/2026] ✅ ĐĂNG BÀI THÀNH CÔNG!
[11:38:08 29/4/2026] 🏁 Kết thúc phiên làm việc.
[11:39:58 29/4/2026] 🚀 Bắt đầu xử lý hàng đợi (1 bài viết)...
[11:39:59 29/4/2026] 
📝 Đang xử lý bài: page_verify_final
[11:39:59 29/4/2026] 📝 Nội dung: Kiểm tra kỹ thuật: Bài đăng này phải nằm trên Fanp...
[11:39:59 29/4/2026] 🔗 Truy cập: https://www.facebook.com/61588688891696
[11:40:16 29/4/2026] 🔄 Phát hiện yêu cầu chuyển Profile. Đang thực hiện chuyển...
[11:40:31 29/4/2026] ✅ Đã thực hiện lệnh chuyển profile.
[11:40:31 29/4/2026] 🔄 Đang quay lại Trang chủ để dùng Newsfeed của Page...
[11:40:43 29/4/2026] 🔍 Đang tìm ô đăng bài...
[11:40:52 29/4/2026] 🖼️ Đang tải 1 ảnh...
[11:41:09 29/4/2026] ✍️ Đang nhập nội dung...
[11:41:13 29/4/2026] 🔘 Bấm nút Đăng...
[11:41:28 29/4/2026] ⏳ Chờ hoàn tất...
[11:41:38 29/4/2026] ✅ ĐĂNG BÀI THÀNH CÔNG!
[11:41:38 29/4/2026] 🏁 Kết thúc phiên làm việc.
[11:43:02 29/4/2026] 📭 Hàng đợi trống.
[11:43:41 29/4/2026] 🚀 Bắt đầu xử lý hàng đợi (1 bài viết)...
[11:43:42 29/4/2026] 
📝 Đang xử lý bài: page_final_battle
[11:43:42 29/4/2026] 📝 Nội dung: Kiến trúc và Công nghệ: Sự kết hợp hoàn hảo! 🏙️🤖...
[11:43:42 29/4/2026] 🔗 Truy cập: https://www.facebook.com/61588688891696
[11:43:59 29/4/2026] 🔄 Phát hiện yêu cầu chuyển Profile. Đang thực hiện chuyển...
[11:44:14 29/4/2026] ✅ Đã thực hiện lệnh chuyển profile.
[11:44:14 29/4/2026] 🔄 Đang quay lại Trang chủ để dùng Newsfeed của Page...
[11:44:26 29/4/2026] 🔍 Đang tìm ô đăng bài...
[11:44:35 29/4/2026] 🖼️ Đang tải 1 ảnh...
[11:44:52 29/4/2026] ✍️ Đang nhập nội dung...
[11:44:56 29/4/2026] 🔘 Bấm nút Đăng...
[11:45:11 29/4/2026] ⏳ Chờ hoàn tất...
[11:45:21 29/4/2026] ✅ ĐĂNG BÀI THÀNH CÔNG!
[11:45:21 29/4/2026] 🏁 Kết thúc phiên làm việc.
[11:47:04 29/4/2026] 🚀 Bắt đầu xử lý hàng đợi (1 bài viết)...
[11:47:05 29/4/2026] 
📝 Đang xử lý bài: page_final_success
[11:47:05 29/4/2026] 📝 Nội dung: Kiến trúc và Công nghệ: Lần này chắc chắn sẽ thành...
[11:47:05 29/4/2026] 🔗 Truy cập: https://www.facebook.com/61588688891696
[11:47:21 29/4/2026] 🔄 Phát hiện yêu cầu chuyển Profile. Đang thực hiện chuyển...
[11:47:37 29/4/2026] ✅ Đã thực hiện lệnh chuyển profile.
[11:47:37 29/4/2026] 🔄 Đang quay lại Trang chủ để dùng Newsfeed của Page...
[11:47:49 29/4/2026] 🔍 Đang tìm ô đăng bài...
[11:47:58 29/4/2026] 🖼️ Đang tải 1 ảnh...
[11:48:15 29/4/2026] ✍️ Đang nhập nội dung...
[11:48:18 29/4/2026] 🔘 Bấm nút Đăng...
[11:48:34 29/4/2026] ℹ️ Không thấy bảng WhatsApp xuất hiện, tiếp tục bước cuối...
[11:48:44 29/4/2026] ⏳ Chờ hoàn tất...
[11:48:54 29/4/2026] ✅ ĐĂNG BÀI THÀNH CÔNG!
[11:48:54 29/4/2026] 🏁 Kết thúc phiên làm việc.
[11:50:55 29/4/2026] 🚀 Bắt đầu xử lý hàng đợi (1 bài viết)...
[11:50:56 29/4/2026] 
📝 Đang xử lý bài: page_absolute_success
[11:50:56 29/4/2026] 📝 Nội dung: Kiến trúc tương lai: Bài đăng này chắc chắn sẽ lên...
[11:50:56 29/4/2026] 🔗 Truy cập: https://www.facebook.com/61588688891696
[11:51:13 29/4/2026] 🔄 Phát hiện yêu cầu chuyển Profile. Đang thực hiện chuyển...
[11:51:28 29/4/2026] ✅ Đã thực hiện lệnh chuyển profile.
[11:51:28 29/4/2026] 🔄 Đang quay lại Trang chủ để dùng Newsfeed của Page...
[11:51:40 29/4/2026] 🔍 Đang tìm ô đăng bài...
[11:51:49 29/4/2026] 🖼️ Đang tải 1 ảnh...
[11:52:07 29/4/2026] ✍️ Đang nhập nội dung...
[11:52:10 29/4/2026] 🔘 Bấm nút Đăng...
[11:52:15 29/4/2026] 🔍 Đang kiểm tra bảng WhatsApp...
[11:52:20 29/4/2026] ℹ️ Không tìm thấy bảng WhatsApp, tiếp tục...
[11:52:30 29/4/2026] ⏳ Chờ hoàn tất...
[11:52:40 29/4/2026] ✅ ĐĂNG BÀI THÀNH CÔNG!
[11:52:40 29/4/2026] 🏁 Kết thúc phiên làm việc.
[11:54:41 29/4/2026] 🚀 Bắt đầu xử lý hàng đợi (1 bài viết)...
[11:54:42 29/4/2026] 
📝 Đang xử lý bài: page_unbreakable_success
[11:54:42 29/4/2026] 📝 Nội dung: Kiến trúc tương lai: Lần này chắc chắn 1000% sẽ lê...
[11:54:42 29/4/2026] 🔗 Truy cập: https://www.facebook.com/61588688891696
[11:54:59 29/4/2026] 🔄 Phát hiện yêu cầu chuyển Profile. Đang thực hiện chuyển...
[11:55:15 29/4/2026] ✅ Đã thực hiện lệnh chuyển profile.
[11:55:15 29/4/2026] 🔄 Đang quay lại Trang chủ để dùng Newsfeed của Page...
[11:55:27 29/4/2026] 🔍 Đang tìm ô đăng bài...
[11:55:36 29/4/2026] 🖼️ Đang tải 1 ảnh...
[11:55:53 29/4/2026] ✍️ Đang nhập nội dung...
[11:55:56 29/4/2026] 🔘 Bấm nút Đăng...
[11:56:47 29/4/2026] ❌ LỖI TRONG QUÁ TRÌNH ĐĂNG: locator.click: Timeout 30000ms exceeded.
Call log:
  - waiting for locator('div[role="dialog"] div[role="button"], div[role="main"] div[role="button"]').filter({ hasText: /^(Đăng|Post|Publish|Tiếp|Next)$/i }).last()

[11:56:47 29/4/2026] 🏁 Kết thúc phiên làm việc.
[12:02:24 29/4/2026] 🚀 Bắt đầu xử lý hàng đợi (1 bài viết)...
[12:02:25 29/4/2026] 
📝 Đang xử lý bài: page_final_test
[12:02:25 29/4/2026] 📝 Nội dung: Kiến trúc và Công nghệ: Bài đăng thử nghiệm với hệ...
[12:02:25 29/4/2026] 🔗 Truy cập: https://www.facebook.com/61588688891696
[12:02:42 29/4/2026] 🔄 Phát hiện yêu cầu chuyển Profile. Đang thực hiện chuyển...
[12:02:57 29/4/2026] ✅ Đã thực hiện lệnh chuyển profile.
[12:02:57 29/4/2026] 🔄 Đang quay lại Trang chủ để dùng Newsfeed của Page...
[12:03:10 29/4/2026] 🔍 Đang tìm ô đăng bài...
[12:03:19 29/4/2026] 🖼️ Đang tải 1 ảnh...
[12:03:36 29/4/2026] ✍️ Đang nhập nội dung...
[12:03:39 29/4/2026] 🔘 Chuẩn bị bấm nút Đăng...
[12:03:41 29/4/2026] 🔘 Bấm nút Đăng...
[12:03:48 29/4/2026] 🔍 Đang cưỡng chế đóng bảng WhatsApp...
[12:03:49 29/4/2026] 🔘 Kết quả đóng bảng: last_button_click
[12:04:04 29/4/2026] ⏳ Chờ hoàn tất...
[12:04:14 29/4/2026] ✅ ĐĂNG BÀI THÀNH CÔNG!
[12:04:14 29/4/2026] 🏁 Kết thúc phiên làm việc.
[13:15:51 29/4/2026] 🚀 Bắt đầu xử lý hàng đợi (2 bài viết)...
[13:15:53 29/4/2026] 
📝 Đang xử lý bài: batch_profile
[13:15:53 29/4/2026] 📝 Nội dung: Ngắm hoàng hôn và tận hưởng khoảnh khắc bình yên. ...
[13:15:53 29/4/2026] 🔗 Truy cập: https://www.facebook.com
[13:16:11 29/4/2026] 🔍 Đang tìm ô đăng bài...
[13:16:20 29/4/2026] 🖼️ Đang tải 1 ảnh...
[13:16:38 29/4/2026] ✍️ Đang nhập nội dung...
[13:16:41 29/4/2026] 🔘 Chuẩn bị bấm nút Đăng...
[13:16:43 29/4/2026] 🔘 Bấm nút Đăng...
[13:16:50 29/4/2026] 🔍 Đang cưỡng chế đóng bảng WhatsApp...
[13:16:50 29/4/2026] 🔘 Kết quả đóng bảng: text_click
[13:16:55 29/4/2026] ⏳ Chờ hoàn tất...
[13:17:05 29/4/2026] ✅ ĐĂNG BÀI THÀNH CÔNG!
[13:17:05 29/4/2026] ==> Còn 1 bài. Đang nghỉ...
[13:18:12 29/4/2026] 
📝 Đang xử lý bài: batch_page
[13:18:12 29/4/2026] 📝 Nội dung: Không gian làm việc sáng tạo thúc đẩy năng suất cự...
[13:18:12 29/4/2026] 🔗 Truy cập: https://www.facebook.com/61588688891696
[13:18:29 29/4/2026] 🔄 Phát hiện yêu cầu chuyển Profile. Đang thực hiện chuyển...
[13:18:44 29/4/2026] ✅ Đã thực hiện lệnh chuyển profile.
[13:18:45 29/4/2026] 🔄 Đang quay lại Trang chủ để dùng Newsfeed của Page...
[13:19:04 29/4/2026] 🔍 Đang tìm ô đăng bài...
[13:19:13 29/4/2026] 🖼️ Đang tải 1 ảnh...
[13:19:30 29/4/2026] ✍️ Đang nhập nội dung...
[13:19:33 29/4/2026] 🔘 Chuẩn bị bấm nút Đăng...
[13:19:35 29/4/2026] 🔘 Bấm nút Đăng...
[13:19:42 29/4/2026] 🔍 Đang cưỡng chế đóng bảng WhatsApp...
[13:19:43 29/4/2026] 🔘 Kết quả đóng bảng: last_button_click
[13:19:58 29/4/2026] ⏳ Chờ hoàn tất...
[13:20:08 29/4/2026] ✅ ĐĂNG BÀI THÀNH CÔNG!
[13:20:08 29/4/2026] 🏁 Kết thúc phiên làm việc.
[13:24:26 29/4/2026] 🚀 Bắt đầu xử lý hàng đợi (3 bài viết)...
[13:24:27 29/4/2026] 
📝 Đang xử lý bài: triple_profile
[13:24:27 29/4/2026] 📝 Nội dung: Khám phá vẻ đẹp của những đỉnh núi cao. Thật sảng ...
[13:24:27 29/4/2026] 🔗 Truy cập: https://www.facebook.com
[13:24:44 29/4/2026] 🔍 Đang tìm ô đăng bài...
[13:24:54 29/4/2026] 🖼️ Đang tải 1 ảnh...
[13:25:11 29/4/2026] ✍️ Đang nhập nội dung...
[13:25:14 29/4/2026] 🔘 Chuẩn bị bấm nút Đăng...
[13:25:16 29/4/2026] 🔘 Bấm nút Đăng...
[13:25:23 29/4/2026] 🔍 Đang cưỡng chế đóng bảng WhatsApp...
[13:25:23 29/4/2026] 🔘 Kết quả đóng bảng: text_click
[13:25:39 29/4/2026] ⏳ Chờ hoàn tất...
[13:25:49 29/4/2026] ✅ ĐĂNG BÀI THÀNH CÔNG!
[13:25:49 29/4/2026] ==> Còn 2 bài. Đang nghỉ...
[13:26:51 29/4/2026] 
📝 Đang xử lý bài: triple_page
[13:26:51 29/4/2026] 📝 Nội dung: Kiến trúc tương lai và sự đổi mới không ngừng. 🏙️...
[13:26:51 29/4/2026] 🔗 Truy cập: https://www.facebook.com/61588688891696
[13:27:09 29/4/2026] 🔄 Phát hiện yêu cầu chuyển Profile. Đang thực hiện chuyển...
[13:27:24 29/4/2026] ✅ Đã thực hiện lệnh chuyển profile.
[13:27:24 29/4/2026] 🔄 Đang quay lại Trang chủ để dùng Newsfeed của Page...
[13:27:36 29/4/2026] 🔍 Đang tìm ô đăng bài...
[13:27:45 29/4/2026] 🖼️ Đang tải 1 ảnh...
[13:28:02 29/4/2026] ✍️ Đang nhập nội dung...
[13:28:05 29/4/2026] 🔘 Chuẩn bị bấm nút Đăng...
[13:28:07 29/4/2026] ⚠️ Không thấy nút Đăng chính thức, thử phím tắt Control+Enter...
[13:28:14 29/4/2026] 🔍 Đang cưỡng chế đóng bảng WhatsApp...
[13:28:15 29/4/2026] 🔘 Kết quả đóng bảng: none
[13:28:20 29/4/2026] ⏳ Chờ hoàn tất...
[13:28:30 29/4/2026] ✅ ĐĂNG BÀI THÀNH CÔNG!
[13:28:30 29/4/2026] ==> Còn 1 bài. Đang nghỉ...
[13:29:39 29/4/2026] 
📝 Đang xử lý bài: triple_group
[13:29:39 29/4/2026] 📝 Nội dung: Một buổi sáng cafe bình yên để nạp năng lượng cho ...
[13:29:39 29/4/2026] 🔗 Truy cập: https://www.facebook.com/groups/daomeohnvn
[13:29:56 29/4/2026] 🔍 Đang tìm ô đăng bài...
[13:30:05 29/4/2026] 🖼️ Đang tải 1 ảnh...
[13:30:22 29/4/2026] ✍️ Đang nhập nội dung...
[13:30:25 29/4/2026] 🔘 Chuẩn bị bấm nút Đăng...
[13:30:27 29/4/2026] 🔘 Bấm nút Đăng...
[13:30:34 29/4/2026] 🔍 Đang cưỡng chế đóng bảng WhatsApp...
[13:30:34 29/4/2026] 🔘 Kết quả đóng bảng: none
[13:30:39 29/4/2026] ⏳ Chờ hoàn tất...
[13:30:49 29/4/2026] ✅ ĐĂNG BÀI THÀNH CÔNG!
[13:30:50 29/4/2026] 🏁 Kết thúc phiên làm việc.
[13:33:16 29/4/2026] 🚀 Bắt đầu xử lý hàng đợi (3 bài viết)...
[13:33:17 29/4/2026] 
📝 Đang xử lý bài: final_profile
[13:33:17 29/4/2026] 📝 Nội dung: Khám phá vẻ đẹp của những đỉnh núi cao. Thật sảng ...
[13:33:17 29/4/2026] 🔗 Truy cập: https://www.facebook.com
[13:33:34 29/4/2026] 🔍 Đang tìm ô đăng bài...
[13:33:43 29/4/2026] 🖼️ Đang tải 1 ảnh...
[13:34:00 29/4/2026] ✍️ Đang nhập nội dung...
[13:34:04 29/4/2026] 🔘 Chuẩn bị bấm nút Đăng...
[13:34:06 29/4/2026] 🔘 Đã kích hoạt lệnh bấm nút Đăng.
[13:34:13 29/4/2026] 🔘 Kết quả đóng bảng: last_button_click
[13:34:18 29/4/2026] ⏳ Chờ hoàn tất...
[13:34:28 29/4/2026] ✅ ĐĂNG BÀI THÀNH CÔNG!
[13:34:28 29/4/2026] ==> Còn 2 bài. Đang nghỉ...
[13:35:32 29/4/2026] 
📝 Đang xử lý bài: final_page
[13:35:32 29/4/2026] 📝 Nội dung: Kiến trúc tương lai và sự đổi mới không ngừng. 🏙️...
[13:35:32 29/4/2026] 🔗 Truy cập: https://www.facebook.com/61588688891696
[13:35:51 29/4/2026] 🔄 Phát hiện yêu cầu chuyển Profile. Đang thực hiện chuyển...
[13:36:07 29/4/2026] ✅ Đã thực hiện lệnh chuyển profile.
[13:36:07 29/4/2026] 🔄 Đang quay lại Trang chủ để dùng Newsfeed của Page...
[13:36:19 29/4/2026] 🔍 Đang tìm ô đăng bài...
[13:36:28 29/4/2026] 🖼️ Đang tải 1 ảnh...
[13:36:45 29/4/2026] ✍️ Đang nhập nội dung...
[13:36:48 29/4/2026] 🔘 Chuẩn bị bấm nút Đăng...
[13:36:50 29/4/2026] 🔘 Đã kích hoạt lệnh bấm nút Đăng.
[13:36:57 29/4/2026] 🔘 Kết quả đóng bảng: last_button_click
[13:37:13 29/4/2026] ⏳ Chờ hoàn tất...
[13:37:23 29/4/2026] ✅ ĐĂNG BÀI THÀNH CÔNG!
[13:37:23 29/4/2026] ==> Còn 1 bài. Đang nghỉ...
[13:38:27 29/4/2026] 
📝 Đang xử lý bài: final_group
[13:38:27 29/4/2026] 📝 Nội dung: Một buổi sáng cafe bình yên để nạp năng lượng cho ...
[13:38:27 29/4/2026] 🔗 Truy cập: https://www.facebook.com/groups/daomeohnvn
[13:38:43 29/4/2026] 🔍 Đang tìm ô đăng bài...
[13:38:52 29/4/2026] 🖼️ Đang tải 1 ảnh...
[13:39:10 29/4/2026] ✍️ Đang nhập nội dung...
[13:39:13 29/4/2026] 🔘 Chuẩn bị bấm nút Đăng...
[13:39:15 29/4/2026] 🔘 Đã kích hoạt lệnh bấm nút Đăng.
[13:39:22 29/4/2026] 🔘 Kết quả đóng bảng: last_button_click
[13:39:37 29/4/2026] ⏳ Chờ hoàn tất...
[13:39:47 29/4/2026] ✅ ĐĂNG BÀI THÀNH CÔNG!
[13:39:47 29/4/2026] 🏁 Kết thúc phiên làm việc.
[13:43:29 29/4/2026] 🚀 Bắt đầu xử lý hàng đợi (3 bài viết)...
[13:43:30 29/4/2026] 
📝 Đang xử lý bài: triple_profile_ok
[13:43:30 29/4/2026] 📝 Nội dung: Khám phá vẻ đẹp của những đỉnh núi cao. Thật sảng ...
[13:43:30 29/4/2026] 🔗 Truy cập: https://www.facebook.com
[13:43:47 29/4/2026] 🔍 Đang tìm ô đăng bài...
[13:43:56 29/4/2026] 🖼️ Đang tải 1 ảnh...
[13:44:13 29/4/2026] ✍️ Đang nhập nội dung...
[13:44:17 29/4/2026] 🔘 Chuẩn bị bấm nút Đăng/Tiếp...
[13:44:19 29/4/2026] 🔘 Đã bấm: Next items
[13:44:24 29/4/2026] 🔍 Đang cưỡng chế đóng bảng WhatsApp...
[13:44:24 29/4/2026] 🔘 Kết quả đóng bảng: last_button_click
[13:44:29 29/4/2026] 🔍 Thử tìm nút Đăng cuối bằng JS...
[13:44:39 29/4/2026] ⏳ Chờ hoàn tất...
[13:44:49 29/4/2026] ✅ ĐĂNG BÀI THÀNH CÔNG!
[13:44:49 29/4/2026] ==> Còn 2 bài. Đang nghỉ...
[13:45:58 29/4/2026] 
📝 Đang xử lý bài: triple_page_ok
[13:45:58 29/4/2026] 📝 Nội dung: Kiến trúc tương lai và sự đổi mới không ngừng. Lần...
[13:45:58 29/4/2026] 🔗 Truy cập: https://www.facebook.com/61588688891696
[13:46:15 29/4/2026] 🔄 Phát hiện yêu cầu chuyển Profile. Đang thực hiện chuyển...
[13:46:30 29/4/2026] ✅ Đã thực hiện lệnh chuyển profile.
[13:46:30 29/4/2026] 🔄 Đang quay lại Trang chủ để dùng Newsfeed của Page...
[13:46:42 29/4/2026] 🔍 Đang tìm ô đăng bài...
[13:46:51 29/4/2026] 🖼️ Đang tải 1 ảnh...
[13:47:08 29/4/2026] ✍️ Đang nhập nội dung...
[13:47:11 29/4/2026] 🔘 Chuẩn bị bấm nút Đăng/Tiếp...
[13:47:13 29/4/2026] 🔘 Đã bấm: Next items
[13:47:18 29/4/2026] 🔍 Đang cưỡng chế đóng bảng WhatsApp...
[13:47:18 29/4/2026] 🔘 Kết quả đóng bảng: none
[13:47:23 29/4/2026] 🔍 Thử tìm nút Đăng cuối bằng JS...
[13:47:33 29/4/2026] ⏳ Chờ hoàn tất...
[13:47:44 29/4/2026] ✅ ĐĂNG BÀI THÀNH CÔNG!
[13:47:44 29/4/2026] ==> Còn 1 bài. Đang nghỉ...
[13:48:47 29/4/2026] 
📝 Đang xử lý bài: triple_group_ok
[13:48:47 29/4/2026] 📝 Nội dung: Một buổi sáng cafe bình yên để nạp năng lượng cho ...
[13:48:47 29/4/2026] 🔗 Truy cập: https://www.facebook.com/groups/daomeohnvn
[13:49:04 29/4/2026] 🔍 Đang tìm ô đăng bài...
[13:49:13 29/4/2026] 🖼️ Đang tải 1 ảnh...
[13:49:31 29/4/2026] ✍️ Đang nhập nội dung...
[13:49:34 29/4/2026] 🔘 Chuẩn bị bấm nút Đăng/Tiếp...
[13:49:36 29/4/2026] 🔘 Đã bấm: Create a post
[13:49:41 29/4/2026] 🔍 Đang cưỡng chế đóng bảng WhatsApp...
[13:49:41 29/4/2026] 🔘 Kết quả đóng bảng: last_button_click
[13:49:46 29/4/2026] 🔘 Bấm nút Đăng cuối cùng...
[13:49:56 29/4/2026] ⏳ Chờ hoàn tất...
[13:50:06 29/4/2026] ✅ ĐĂNG BÀI THÀNH CÔNG!
[13:50:06 29/4/2026] 🏁 Kết thúc phiên làm việc.
[13:50:51 29/4/2026] 🚀 Bắt đầu xử lý hàng đợi (3 bài viết)...
[13:50:52 29/4/2026] 
📝 Đang xử lý bài: triple_profile_final
[13:50:52 29/4/2026] 📝 Nội dung: Khám phá vẻ đẹp của những đỉnh núi cao. Thật sảng ...
[13:50:52 29/4/2026] 🔗 Truy cập: https://www.facebook.com
[13:51:10 29/4/2026] 🔍 Đang tìm ô đăng bài...
[13:51:19 29/4/2026] 🖼️ Đang tải 1 ảnh...
[13:51:36 29/4/2026] ✍️ Đang nhập nội dung...
[13:51:39 29/4/2026] 🔘 Bắt đầu quy trình Đăng bài...
[13:51:41 29/4/2026] 🔍 Kiểm tra và đóng WhatsApp popup...
[13:51:44 29/4/2026] 🔘 Đã bấm nút "Đăng" cuối cùng.
[13:51:54 29/4/2026] ⏳ Chờ hoàn tất...
[13:52:04 29/4/2026] ✅ ĐĂNG BÀI THÀNH CÔNG!
[13:52:04 29/4/2026] ==> Còn 2 bài. Đang nghỉ...
[13:53:11 29/4/2026] 
📝 Đang xử lý bài: triple_page_final
[13:53:11 29/4/2026] 📝 Nội dung: Kiến trúc tương lai và sự đổi mới không ngừng. Lần...
[13:53:11 29/4/2026] 🔗 Truy cập: https://www.facebook.com/61588688891696
[13:53:28 29/4/2026] 🔄 Phát hiện yêu cầu chuyển Profile. Đang thực hiện chuyển...
[13:53:43 29/4/2026] ✅ Đã thực hiện lệnh chuyển profile.
[13:53:43 29/4/2026] 🔄 Đang quay lại Trang chủ để dùng Newsfeed của Page...
[13:53:55 29/4/2026] 🔍 Đang tìm ô đăng bài...
[13:54:04 29/4/2026] 🖼️ Đang tải 1 ảnh...
[13:54:21 29/4/2026] ✍️ Đang nhập nội dung...
[13:54:25 29/4/2026] 🔘 Bắt đầu quy trình Đăng bài...
[13:54:27 29/4/2026] 🔘 Đã bấm nút "Tiếp". Chờ bảng thiết lập...
[13:54:34 29/4/2026] 🔍 Kiểm tra và đóng WhatsApp popup...
[13:54:37 29/4/2026] 🔘 Đã bấm nút "Đăng" cuối cùng.
[13:54:47 29/4/2026] ⏳ Chờ hoàn tất...
[13:54:57 29/4/2026] ✅ ĐĂNG BÀI THÀNH CÔNG!
[13:54:57 29/4/2026] ==> Còn 1 bài. Đang nghỉ...
[13:56:01 29/4/2026] 
📝 Đang xử lý bài: triple_group_final
[13:56:01 29/4/2026] 📝 Nội dung: Một buổi sáng cafe bình yên để nạp năng lượng cho ...
[13:56:01 29/4/2026] 🔗 Truy cập: https://www.facebook.com/groups/daomeohnvn
[13:56:18 29/4/2026] 🔍 Đang tìm ô đăng bài...
[13:56:27 29/4/2026] 🖼️ Đang tải 1 ảnh...
[13:56:44 29/4/2026] ✍️ Đang nhập nội dung...
[13:56:47 29/4/2026] 🔘 Bắt đầu quy trình Đăng bài...
[13:56:49 29/4/2026] 🔍 Kiểm tra và đóng WhatsApp popup...
[13:56:52 29/4/2026] ⚠️ Không tìm thấy nút Đăng, thử dùng phím tắt Control+Enter...
[13:57:02 29/4/2026] ⏳ Chờ hoàn tất...
[13:57:12 29/4/2026] ✅ ĐĂNG BÀI THÀNH CÔNG!
[13:57:13 29/4/2026] 🏁 Kết thúc phiên làm việc.
[13:58:03 29/4/2026] 🚀 Bắt đầu xử lý hàng đợi (3 bài viết)...
[13:58:04 29/4/2026] 
📝 Đang xử lý bài: triple_profile_absolute
[13:58:04 29/4/2026] 📝 Nội dung: Khám phá vẻ đẹp của những đỉnh núi cao. Thật sảng ...
[13:58:04 29/4/2026] 🔗 Truy cập: https://www.facebook.com
[13:58:22 29/4/2026] 🔍 Đang tìm ô đăng bài...
[13:58:31 29/4/2026] 🖼️ Đang tải 1 ảnh...
[13:58:48 29/4/2026] ✍️ Đang nhập nội dung...
[13:58:51 29/4/2026] 🔘 Bắt đầu quy trình Đăng bài...
[13:58:53 29/4/2026] 🔍 Đang cưỡng chế dẹp WhatsApp popup...
[13:58:58 29/4/2026] 🔘 Đã bấm nút "Đăng" cuối cùng.
[13:59:08 29/4/2026] ⏳ Chờ hoàn tất...
[13:59:19 29/4/2026] ✅ ĐĂNG BÀI THÀNH CÔNG!
[13:59:19 29/4/2026] ==> Còn 2 bài. Đang nghỉ...
[14:00:24 29/4/2026] 
📝 Đang xử lý bài: triple_page_absolute
[14:00:24 29/4/2026] 📝 Nội dung: THÔNG BÁO QUAN TRỌNG: Đây là bài đăng từ hệ thống ...
[14:00:24 29/4/2026] 🔗 Truy cập: https://www.facebook.com/61588688891696
[14:00:40 29/4/2026] 🔄 Phát hiện yêu cầu chuyển Profile. Đang thực hiện chuyển...
[14:00:56 29/4/2026] ✅ Đã thực hiện lệnh chuyển profile.
[14:00:56 29/4/2026] 🔄 Đang quay lại Trang chủ để dùng Newsfeed của Page...
[14:01:08 29/4/2026] 🔍 Đang tìm ô đăng bài...
[14:01:17 29/4/2026] 🖼️ Đang tải 1 ảnh...
[14:01:34 29/4/2026] ✍️ Đang nhập nội dung...
[14:01:37 29/4/2026] 🔘 Bắt đầu quy trình Đăng bài...
[14:01:39 29/4/2026] 🔘 Đã bấm nút "Tiếp". Chờ bảng thiết lập...
[14:01:46 29/4/2026] 🔍 Đang cưỡng chế dẹp WhatsApp popup...
[14:01:52 29/4/2026] ⚠️ Không tìm thấy nút Đăng, thử dùng phím tắt Enter...
[14:02:02 29/4/2026] ⏳ Chờ hoàn tất...
[14:02:12 29/4/2026] ✅ ĐĂNG BÀI THÀNH CÔNG!
[14:02:12 29/4/2026] ==> Còn 1 bài. Đang nghỉ...
[14:03:16 29/4/2026] 
📝 Đang xử lý bài: triple_group_absolute
[14:03:16 29/4/2026] 📝 Nội dung: Một buổi sáng cafe bình yên để nạp năng lượng cho ...
[14:03:16 29/4/2026] 🔗 Truy cập: https://www.facebook.com/groups/daomeohnvn
[14:03:33 29/4/2026] 🔍 Đang tìm ô đăng bài...
[14:03:42 29/4/2026] 🖼️ Đang tải 1 ảnh...
[14:03:59 29/4/2026] ✍️ Đang nhập nội dung...
[14:04:02 29/4/2026] 🔘 Bắt đầu quy trình Đăng bài...
[14:04:04 29/4/2026] 🔍 Đang cưỡng chế dẹp WhatsApp popup...
[14:04:09 29/4/2026] ⚠️ Không tìm thấy nút Đăng, thử dùng phím tắt Enter...
[14:04:19 29/4/2026] ⏳ Chờ hoàn tất...
[14:04:29 29/4/2026] ✅ ĐĂNG BÀI THÀNH CÔNG!
[14:04:30 29/4/2026] 🏁 Kết thúc phiên làm việc.
[14:06:21 29/4/2026] 🚀 Bắt đầu xử lý hàng đợi (3 bài viết)...
[14:06:23 29/4/2026] 
📝 Đang xử lý bài: triple_profile_brute
[14:06:23 29/4/2026] 📝 Nội dung: Khám phá vẻ đẹp của những đỉnh núi cao. Thật sảng ...
[14:06:23 29/4/2026] 🔗 Truy cập: https://www.facebook.com
[14:06:40 29/4/2026] 🔍 Đang tìm ô đăng bài...
[14:06:49 29/4/2026] 🖼️ Đang tải 1 ảnh...
[14:07:06 29/4/2026] ✍️ Đang nhập nội dung...
[14:07:09 29/4/2026] 🔘 Bắt đầu quy trình Đăng bài (Brute Force)...
[14:07:11 29/4/2026] 🔍 Dẹp WhatsApp popup...
[14:07:14 29/4/2026] 🔘 Đã bấm nút "Đăng" cuối cùng bằng tọa độ.
[14:07:24 29/4/2026] ⏳ Chờ hoàn tất...
[14:07:35 29/4/2026] ✅ ĐĂNG BÀI THÀNH CÔNG!
[14:07:35 29/4/2026] ==> Còn 2 bài. Đang nghỉ...
[14:08:42 29/4/2026] 
📝 Đang xử lý bài: triple_page_brute
[14:08:42 29/4/2026] 📝 Nội dung: THÔNG BÁO TỪ HỆ THỐNG: Bài đăng này đã sử dụng côn...
[14:08:42 29/4/2026] 🔗 Truy cập: https://www.facebook.com/61588688891696
[14:08:59 29/4/2026] 🔄 Phát hiện yêu cầu chuyển Profile. Đang thực hiện chuyển...
[14:09:14 29/4/2026] ✅ Đã thực hiện lệnh chuyển profile.
[14:09:14 29/4/2026] 🔄 Đang quay lại Trang chủ để dùng Newsfeed của Page...
[14:09:26 29/4/2026] 🔍 Đang tìm ô đăng bài...
[14:09:35 29/4/2026] 🖼️ Đang tải 1 ảnh...
[14:09:52 29/4/2026] ✍️ Đang nhập nội dung...
[14:09:55 29/4/2026] 🔘 Bắt đầu quy trình Đăng bài (Brute Force)...
[14:09:58 29/4/2026] 🔘 Đã bấm nút "Tiếp".
[14:10:03 29/4/2026] 🔍 Dẹp WhatsApp popup...
[14:10:06 29/4/2026] 🔘 Đã bấm nút "Đăng" cuối cùng bằng tọa độ.
[14:10:16 29/4/2026] ⏳ Chờ hoàn tất...
[14:10:26 29/4/2026] ✅ ĐĂNG BÀI THÀNH CÔNG!
[14:10:26 29/4/2026] ==> Còn 1 bài. Đang nghỉ...
[14:11:29 29/4/2026] 
📝 Đang xử lý bài: triple_group_brute
[14:11:29 29/4/2026] 📝 Nội dung: Một buổi sáng cafe bình yên để nạp năng lượng cho ...
[14:11:29 29/4/2026] 🔗 Truy cập: https://www.facebook.com/groups/daomeohnvn
[14:11:46 29/4/2026] 🔍 Đang tìm ô đăng bài...
[14:11:55 29/4/2026] 🖼️ Đang tải 1 ảnh...
[14:12:12 29/4/2026] ✍️ Đang nhập nội dung...
[14:12:15 29/4/2026] 🔘 Bắt đầu quy trình Đăng bài (Brute Force)...
[14:12:17 29/4/2026] 🔍 Dẹp WhatsApp popup...
[14:12:20 29/4/2026] ⚠️ Không tìm thấy nút Đăng cuối, thử phím tắt Enter...
[14:12:30 29/4/2026] ⏳ Chờ hoàn tất...
[14:12:41 29/4/2026] ✅ ĐĂNG BÀI THÀNH CÔNG!
[14:12:41 29/4/2026] 🏁 Kết thúc phiên làm việc.
[14:14:02 29/4/2026] 🚀 Bắt đầu xử lý hàng đợi (3 bài viết)...
[14:14:03 29/4/2026] 
📝 Đang xử lý bài: triple_profile_nuke
[14:14:03 29/4/2026] 📝 Nội dung: Khám phá vẻ đẹp của những đỉnh núi cao. Thật sảng ...
[14:14:03 29/4/2026] 🔗 Truy cập: https://www.facebook.com
[14:14:20 29/4/2026] 🔍 Đang tìm ô đăng bài...
[14:14:29 29/4/2026] 🖼️ Đang tải 1 ảnh...
[14:14:46 29/4/2026] ✍️ Đang nhập nội dung...
[14:14:50 29/4/2026] 🔘 Bắt đầu quy trình Đăng bài (Brute Force)...
[14:14:52 29/4/2026] 🔍 Đang "tiêu diệt" mọi bảng chặn (WhatsApp)...
[14:14:57 29/4/2026] 🔘 Bấm nút Đăng cuối cùng...
[14:15:07 29/4/2026] ⏳ Chờ hoàn tất...
[14:15:17 29/4/2026] ✅ ĐĂNG BÀI THÀNH CÔNG!
[14:15:17 29/4/2026] ==> Còn 2 bài. Đang nghỉ...
[14:16:19 29/4/2026] 
📝 Đang xử lý bài: triple_page_nuke
[14:16:19 29/4/2026] 📝 Nội dung: CHIẾN THẮNG CUỐI CÙNG: Mọi bảng chặn WhatsApp đã b...
[14:16:19 29/4/2026] 🔗 Truy cập: https://www.facebook.com/61588688891696
[14:16:36 29/4/2026] 🔄 Phát hiện yêu cầu chuyển Profile. Đang thực hiện chuyển...
[14:16:51 29/4/2026] ✅ Đã thực hiện lệnh chuyển profile.
[14:16:51 29/4/2026] 🔄 Đang quay lại Trang chủ để dùng Newsfeed của Page...
[14:17:03 29/4/2026] 🔍 Đang tìm ô đăng bài...
[14:17:12 29/4/2026] 🖼️ Đang tải 1 ảnh...
[14:17:29 29/4/2026] ✍️ Đang nhập nội dung...
[14:17:32 29/4/2026] 🔘 Bắt đầu quy trình Đăng bài (Brute Force)...
[14:17:34 29/4/2026] 🔘 Đã bấm nút "Tiếp".
[14:17:39 29/4/2026] 🔍 Đang "tiêu diệt" mọi bảng chặn (WhatsApp)...
[14:17:44 29/4/2026] 🔘 Bấm nút Đăng cuối cùng...
[14:17:44 29/4/2026] ⚠️ Không tìm thấy nút Đăng cuối bằng JS, thử phím tắt Enter...
[14:17:54 29/4/2026] ⏳ Chờ hoàn tất...
[14:18:04 29/4/2026] ✅ ĐĂNG BÀI THÀNH CÔNG!
[14:18:04 29/4/2026] ==> Còn 1 bài. Đang nghỉ...
[14:19:09 29/4/2026] 
📝 Đang xử lý bài: triple_group_nuke
[14:19:09 29/4/2026] 📝 Nội dung: Một buổi sáng cafe bình yên để nạp năng lượng cho ...
[14:19:09 29/4/2026] 🔗 Truy cập: https://www.facebook.com/groups/daomeohnvn
[14:19:25 29/4/2026] 🔍 Đang tìm ô đăng bài...
[14:19:34 29/4/2026] 🖼️ Đang tải 1 ảnh...
[14:19:51 29/4/2026] ✍️ Đang nhập nội dung...
[14:19:54 29/4/2026] 🔘 Bắt đầu quy trình Đăng bài (Brute Force)...
[14:19:57 29/4/2026] 🔍 Đang "tiêu diệt" mọi bảng chặn (WhatsApp)...
[14:20:01 29/4/2026] 🔘 Bấm nút Đăng cuối cùng...
[14:20:01 29/4/2026] ⚠️ Không tìm thấy nút Đăng cuối bằng JS, thử phím tắt Enter...
[14:20:11 29/4/2026] ⏳ Chờ hoàn tất...
[14:20:21 29/4/2026] ✅ ĐĂNG BÀI THÀNH CÔNG!
[14:20:22 29/4/2026] 🏁 Kết thúc phiên làm việc.
[14:21:40 29/4/2026] 🚀 Bắt đầu xử lý hàng đợi (1 bài viết)...
[14:21:41 29/4/2026] 
📝 Đang xử lý bài: solo_page_test
[14:21:41 29/4/2026] 📝 Nội dung: THỬ NGHIỆM CHIẾN THUẬT MỚI: Đăng trực tiếp tại tra...
[14:21:41 29/4/2026] 🔗 Truy cập: https://www.facebook.com/61588688891696
[14:21:58 29/4/2026] 🔄 Phát hiện yêu cầu chuyển Profile. Đang thực hiện chuyển...
[14:22:00 29/4/2026] 🔄 Phát hiện yêu cầu chuyển Profile. Đang thực hiện chuyển...
[14:22:15 29/4/2026] ✅ Đã thực hiện lệnh chuyển profile.
[14:22:15 29/4/2026] ✅ Đã thực hiện lệnh chuyển profile.
[14:22:15 29/4/2026] 📍 Đang ở lại trang Fanpage để thực hiện đăng bài...
[14:22:30 29/4/2026] 🔍 Đang tìm ô đăng bài...
[14:22:39 29/4/2026] 🖼️ Đang tải 1 ảnh...
[14:22:56 29/4/2026] ✍️ Đang nhập nội dung...
[14:22:59 29/4/2026] 🔘 Bắt đầu quy trình Đăng bài (Brute Force)...
[14:23:02 29/4/2026] 🔍 Đang "tiêu diệt" mọi bảng chặn (WhatsApp)...
[14:23:06 29/4/2026] 🔘 Bấm nút Đăng cuối cùng...
[14:23:06 29/4/2026] ⚠️ Không tìm thấy nút Đăng cuối bằng JS, thử phím tắt Enter...
[14:23:16 29/4/2026] ⏳ Chờ hoàn tất...
[14:23:26 29/4/2026] ✅ ĐĂNG BÀI THÀNH CÔNG!
[14:23:27 29/4/2026] 🏁 Kết thúc phiên làm việc.
[14:26:19 29/4/2026] 🚀 Bắt đầu xử lý hàng đợi (1 bài viết)...
[14:26:20 29/4/2026] 
📝 Đang xử lý bài: solo_page_anti_comment
[14:26:20 29/4/2026] 📝 Nội dung: THỬ NGHIỆM CHIẾN THUẬT CHỐNG COMMENT: Lần này scri...
[14:26:20 29/4/2026] 🔗 Truy cập: https://www.facebook.com/61588688891696
[14:26:37 29/4/2026] 🔄 Phát hiện yêu cầu chuyển Profile. Đang thực hiện chuyển...
[14:26:38 29/4/2026] 🔄 Phát hiện yêu cầu chuyển Profile. Đang thực hiện chuyển...
[14:26:54 29/4/2026] ✅ Đã thực hiện lệnh chuyển profile.
[14:26:54 29/4/2026] ✅ Đã thực hiện lệnh chuyển profile.
[14:26:54 29/4/2026] 📍 Đang ở lại trang Fanpage để thực hiện đăng bài...
[14:27:09 29/4/2026] 🔍 Đang tìm ô đăng bài chính xác (không phải ô comment)...
[14:27:18 29/4/2026] 🖼️ Đang tải 1 ảnh...
[14:27:35 29/4/2026] ✍️ Đang nhập nội dung...
[14:27:38 29/4/2026] 🔘 Bắt đầu quy trình Đăng bài (Brute Force)...
[14:27:40 29/4/2026] 🔘 Đã bấm nút "Tiếp".
[14:27:45 29/4/2026] 🔍 Đang "tiêu diệt" mọi bảng chặn (WhatsApp)...
[14:27:50 29/4/2026] 🔘 Bấm nút Đăng cuối cùng...
[14:27:50 29/4/2026] ⚠️ Không tìm thấy nút Đăng cuối bằng JS, thử phím tắt Enter...
[14:28:00 29/4/2026] ⏳ Chờ hoàn tất...
[14:28:10 29/4/2026] ✅ ĐĂNG BÀI THÀNH CÔNG!
[14:28:10 29/4/2026] 🏁 Kết thúc phiên làm việc.
[14:29:44 29/4/2026] 🚀 Bắt đầu xử lý hàng đợi (1 bài viết)...
[14:29:46 29/4/2026] 
📝 Đang xử lý bài: solo_page_patient
[14:29:46 29/4/2026] 📝 Nội dung: THỬ NGHIỆM CHIẾN THUẬT KIÊN NHẪN: Đợi WhatsApp hiệ...
[14:29:46 29/4/2026] 🔗 Truy cập: https://www.facebook.com/61588688891696
[14:30:02 29/4/2026] 🔄 Phát hiện yêu cầu chuyển Profile. Đang thực hiện chuyển...
[14:30:03 29/4/2026] 🔄 Phát hiện yêu cầu chuyển Profile. Đang thực hiện chuyển...
[14:30:19 29/4/2026] ✅ Đã thực hiện lệnh chuyển profile.
[14:30:19 29/4/2026] ✅ Đã thực hiện lệnh chuyển profile.
[14:30:19 29/4/2026] 📍 Đang ở lại trang Fanpage để thực hiện đăng bài...
[14:30:34 29/4/2026] 🔍 Đang tìm ô đăng bài chính xác (không phải ô comment)...
[14:30:43 29/4/2026] 🖼️ Đang tải 1 ảnh...
[14:31:00 29/4/2026] ✍️ Đang nhập nội dung...
[14:31:03 29/4/2026] 🔘 Bắt đầu quy trình Đăng bài (Brute Force)...
[14:31:05 29/4/2026] 🔘 Đã bấm nút "Tiếp".
[14:31:10 29/4/2026] 🔍 Đang kiểm tra bảng chặn WhatsApp...
[14:31:13 29/4/2026] 🔘 Phát hiện WhatsApp (found_but_no_button), đang xử lý...
[14:31:15 29/4/2026] 🔘 Bấm nút Đăng cuối cùng...
[14:31:25 29/4/2026] ⏳ Chờ hoàn tất...
[14:31:35 29/4/2026] ✅ ĐĂNG BÀI THÀNH CÔNG!
[14:31:35 29/4/2026] 🏁 Kết thúc phiên làm việc.
[14:33:01 29/4/2026] 🚀 Bắt đầu xử lý hàng đợi (1 bài viết)...
[14:33:02 29/4/2026] 
📝 Đang xử lý bài: solo_page_targeted_wa
[14:33:02 29/4/2026] 📝 Nội dung: THỬ NGHIỆM CHIẾN THUẬT CHỈ ĐỊNH: Bấm chính xác nút...
[14:33:02 29/4/2026] 🔗 Truy cập: https://www.facebook.com/61588688891696
[14:33:19 29/4/2026] 🔄 Phát hiện yêu cầu chuyển Profile. Đang thực hiện chuyển...
[14:33:20 29/4/2026] 🔄 Phát hiện yêu cầu chuyển Profile. Đang thực hiện chuyển...
[14:33:36 29/4/2026] ✅ Đã thực hiện lệnh chuyển profile.
[14:33:36 29/4/2026] ✅ Đã thực hiện lệnh chuyển profile.
[14:33:36 29/4/2026] 📍 Đang ở lại trang Fanpage để thực hiện đăng bài...
[14:33:51 29/4/2026] 🔍 Đang tìm ô đăng bài chính xác (không phải ô comment)...
[14:34:00 29/4/2026] 🖼️ Đang tải 1 ảnh...
[14:34:17 29/4/2026] ✍️ Đang nhập nội dung...
[14:34:20 29/4/2026] 🔘 Bắt đầu quy trình Đăng bài (Brute Force)...
[14:34:22 29/4/2026] 🔍 Đang kiểm tra bảng chặn WhatsApp...
[14:34:26 29/4/2026] ✅ Không thấy bảng WhatsApp, tiếp tục...
[14:34:26 29/4/2026] 🔘 Bấm nút Đăng cuối cùng...
[14:34:26 29/4/2026] ⚠️ Không tìm thấy nút Đăng cuối bằng JS, thử phím tắt Enter...
[14:34:36 29/4/2026] ⏳ Chờ hoàn tất...
[14:34:46 29/4/2026] ✅ ĐĂNG BÀI THÀNH CÔNG!
[14:34:46 29/4/2026] 🏁 Kết thúc phiên làm việc.
[14:36:13 29/4/2026] 🚀 Bắt đầu xử lý hàng đợi (1 bài viết)...
[14:36:14 29/4/2026] 
📝 Đang xử lý bài: solo_page_stable
[14:36:14 29/4/2026] 📝 Nội dung: CHIẾN THUẬT SIÊU ỔN ĐỊNH: Đợi 8 giây cho bảng tải ...
[14:36:14 29/4/2026] 🔗 Truy cập: https://www.facebook.com/61588688891696
[14:36:31 29/4/2026] 🔄 Phát hiện yêu cầu chuyển Profile. Đang thực hiện chuyển...
[14:36:33 29/4/2026] 🔄 Phát hiện yêu cầu chuyển Profile. Đang thực hiện chuyển...
[14:36:48 29/4/2026] ✅ Đã thực hiện lệnh chuyển profile.
[14:36:48 29/4/2026] ✅ Đã thực hiện lệnh chuyển profile.
[14:36:48 29/4/2026] 📍 Đang ở lại trang Fanpage để thực hiện đăng bài...
[14:37:03 29/4/2026] 🔍 Đang tìm ô đăng bài chính xác (không phải ô comment)...
[14:37:12 29/4/2026] 🖼️ Đang tải 1 ảnh...
[14:37:29 29/4/2026] ✍️ Đang nhập nội dung...
[14:37:32 29/4/2026] 🔘 Bắt đầu quy trình Đăng bài (Brute Force)...
[14:37:34 29/4/2026] 🔘 Đã bấm nút "Tiếp".
[14:37:39 29/4/2026] 🔍 Đợi bảng thiết lập bài viết và WhatsApp (8s)...
[14:37:47 29/4/2026] 🔘 Chuẩn bị bấm nút Đăng cuối cùng...
[14:38:33 29/4/2026] ⏳ Chờ hoàn tất...
[14:38:44 29/4/2026] ✅ ĐĂNG BÀI THÀNH CÔNG!
[14:38:44 29/4/2026] 🏁 Kết thúc phiên làm việc.
[14:40:00 29/4/2026] 🚀 Bắt đầu xử lý hàng đợi (1 bài viết)...
[14:40:01 29/4/2026] 
📝 Đang xử lý bài: solo_page_exhaustive
[14:40:01 29/4/2026] 📝 Nội dung: THỬ NGHIỆM CHIẾN THUẬT HỦY DIỆT: Quét toàn bộ DOM ...
[14:40:01 29/4/2026] 🔗 Truy cập: https://www.facebook.com/61588688891696
[14:40:17 29/4/2026] 🔄 Phát hiện yêu cầu chuyển Profile. Đang thực hiện chuyển...
[14:40:19 29/4/2026] 🔄 Phát hiện yêu cầu chuyển Profile. Đang thực hiện chuyển...
[14:40:34 29/4/2026] ✅ Đã thực hiện lệnh chuyển profile.
[14:40:34 29/4/2026] ✅ Đã thực hiện lệnh chuyển profile.
[14:40:34 29/4/2026] 📍 Đang ở lại trang Fanpage để thực hiện đăng bài...
[14:40:49 29/4/2026] 🔍 Đang tìm ô đăng bài chính xác (không phải ô comment)...
[14:40:58 29/4/2026] 🖼️ Đang tải 1 ảnh...
[14:41:15 29/4/2026] ✍️ Đang nhập nội dung...
[14:41:18 29/4/2026] 🔘 Bắt đầu quy trình Đăng bài (Brute Force)...
[14:41:20 29/4/2026] 🔍 Đợi bảng thiết lập bài viết và WhatsApp (8s)...
[14:41:28 29/4/2026] 🔘 Đã "tiêu diệt" 46 thành phần chặn.
[14:41:31 29/4/2026] 🔘 Chuẩn bị bấm nút Đăng cuối cùng...
[14:42:03 29/4/2026] ⚠️ Không tìm thấy nút Đăng cuối, dùng Enter liên tục...
[14:42:19 29/4/2026] ⏳ Chờ hoàn tất...
[14:42:21 29/4/2026] 🚀 Bắt đầu xử lý hàng đợi (1 bài viết)...
[14:42:22 29/4/2026] 
📝 Đang xử lý bài: solo_page_full_workflow
[14:42:22 29/4/2026] 📝 Nội dung: THỬ NGHIỆM QUY TRÌNH CUỐI CÙNG: Đã sửa lỗi mất nút...
[14:42:22 29/4/2026] 🔗 Truy cập: https://www.facebook.com/61588688891696
[14:42:29 29/4/2026] ✅ ĐĂNG BÀI THÀNH CÔNG!
[14:42:29 29/4/2026] 🏁 Kết thúc phiên làm việc.
[14:42:39 29/4/2026] 🔄 Phát hiện yêu cầu chuyển Profile. Đang thực hiện chuyển...
[14:42:40 29/4/2026] 🔄 Phát hiện yêu cầu chuyển Profile. Đang thực hiện chuyển...
[14:42:56 29/4/2026] ✅ Đã thực hiện lệnh chuyển profile.
[14:42:56 29/4/2026] ✅ Đã thực hiện lệnh chuyển profile.
[14:42:56 29/4/2026] 📍 Đang ở lại trang Fanpage để thực hiện đăng bài...
[14:43:11 29/4/2026] 🔍 Đang tìm ô đăng bài chính xác (không phải ô comment)...
[14:43:20 29/4/2026] 🖼️ Đang tải 1 ảnh...
[14:43:20 29/4/2026] ✍️ Đang nhập nội dung...
[14:43:50 29/4/2026] ❌ LỖI TRONG QUÁ TRÌNH ĐĂNG: locator.click: Timeout 30000ms exceeded.
Call log:
  - waiting for locator('div[role="textbox"][contenteditable="true"]').first()

[14:43:50 29/4/2026] 🏁 Kết thúc phiên làm việc.
[14:45:52 29/4/2026] 🚀 Bắt đầu xử lý hàng đợi (1 bài viết)...
[14:45:52 29/4/2026] 
📝 Đang xử lý bài: solo_page_final_fixed
[14:45:52 29/4/2026] 📝 Nội dung: THỬ NGHIỆM QUY TRÌNH HOÀN TẤT: Đã sửa lỗi Timeout ...
[14:45:52 29/4/2026] 🔗 Truy cập: https://www.facebook.com/61588688891696
[14:46:09 29/4/2026] 🔄 Phát hiện yêu cầu chuyển Profile. Đang thực hiện chuyển...
[14:46:11 29/4/2026] 🔄 Phát hiện yêu cầu chuyển Profile. Đang thực hiện chuyển...
[14:46:26 29/4/2026] ✅ Đã thực hiện lệnh chuyển profile.
[14:46:26 29/4/2026] ✅ Đã thực hiện lệnh chuyển profile.
[14:46:26 29/4/2026] 📍 Đang ở lại trang Fanpage để thực hiện đăng bài...
[14:46:31 29/4/2026] 🔍 Đang tìm ô đăng bài chính xác (không phải ô comment)...
[14:46:39 29/4/2026] 🖼️ Đang tải 1 ảnh...
[14:46:46 29/4/2026] ✍️ Đang nhập nội dung...
[14:46:49 29/4/2026] 🔘 Bắt đầu quy trình Đăng bài (Full Workflow)...
[14:46:51 29/4/2026] ⚠️ Không tìm thấy nút "Tiếp", thử Enter...
[14:46:52 29/4/2026] 🔍 Đợi bảng thiết lập bài viết và WhatsApp (8s)...
[14:47:00 29/4/2026] 🔘 Đã "tiêu diệt" 36 thành phần chặn.
[14:47:02 29/4/2026] 🔘 Bấm nút Đăng cuối cùng...
[14:47:02 29/4/2026] ⚠️ Không tìm thấy nút Đăng cuối, dùng Enter liên tục...
[14:47:20 29/4/2026] ✅ ĐĂNG BÀI THÀNH CÔNG!
[14:47:20 29/4/2026] 🏁 Kết thúc phiên làm việc.
[14:48:31 29/4/2026] 🚀 Bắt đầu xử lý hàng đợi (1 bài viết)...
[14:48:32 29/4/2026] 
📝 Đang xử lý bài: solo_page_safe_nuke
[14:48:32 29/4/2026] 📝 Nội dung: THỬ NGHIỆM CHIẾN THUẬT AN TOÀN: Đã sửa lệnh Nuke đ...
[14:48:32 29/4/2026] 🔗 Truy cập: https://www.facebook.com/61588688891696
[14:48:50 29/4/2026] 🔄 Phát hiện yêu cầu chuyển Profile. Đang thực hiện chuyển...
[14:48:51 29/4/2026] 🔄 Phát hiện yêu cầu chuyển Profile. Đang thực hiện chuyển...
[14:49:07 29/4/2026] ✅ Đã thực hiện lệnh chuyển profile.
[14:49:07 29/4/2026] ✅ Đã thực hiện lệnh chuyển profile.
[14:49:07 29/4/2026] 📍 Đang ở lại trang Fanpage để thực hiện đăng bài...
[14:49:12 29/4/2026] 🔍 Đang tìm ô đăng bài chính xác (không phải ô comment)...
[14:49:20 29/4/2026] 🖼️ Đang tải 1 ảnh...
[14:49:27 29/4/2026] ✍️ Đang nhập nội dung...
[14:49:57 29/4/2026] ⚠️ Không thấy ô nhập liệu chuẩn, thử click và type...
[14:50:31 29/4/2026] 🔘 Bắt đầu quy trình Đăng bài (Full Workflow)...
[14:50:33 29/4/2026] ⚠️ Không tìm thấy nút "Tiếp", thử Enter...
[14:50:33 29/4/2026] 🔍 Đợi bảng thiết lập bài viết và WhatsApp (8s)...
[14:50:43 29/4/2026] 🔘 Bấm nút Đăng cuối cùng...
[14:50:43 29/4/2026] ⚠️ Không tìm thấy nút Đăng cuối, dùng Enter liên tục...
[14:51:01 29/4/2026] ✅ ĐĂNG BÀI THÀNH CÔNG!
[14:51:01 29/4/2026] 🏁 Kết thúc phiên làm việc.
[14:51:56 29/4/2026] 🚀 Bắt đầu xử lý hàng đợi (1 bài viết)...
[14:51:57 29/4/2026] 
📝 Đang xử lý bài: test_profile_sanity
[14:51:57 29/4/2026] 📝 Nội dung: KIỂM TRA TÌNH TRẠNG HỆ THỐNG: Đăng bài lên Profile...
[14:51:57 29/4/2026] 🔗 Truy cập: https://www.facebook.com
[14:52:19 29/4/2026] 🔍 Đang tìm ô đăng bài chính xác (không phải ô comment)...
[14:52:27 29/4/2026] 🖼️ Đang tải 1 ảnh...
[14:52:57 29/4/2026] ❌ LỖI TRONG QUÁ TRÌNH ĐĂNG: page.waitForEvent: Timeout 30000ms exceeded while waiting for event "filechooser"
=========================== logs ===========================
waiting for event "filechooser"
============================================================
[14:52:57 29/4/2026] 🏁 Kết thúc phiên làm việc.
[14:53:26 29/4/2026] 🚀 Bắt đầu POST bài (Tổng: 1)...
[14:53:27 29/4/2026] 
📝 Đang đăng bài: test_profile_sanity
[14:53:27 29/4/2026] 🔗 Truy cập: https://www.facebook.com
[14:54:27 29/4/2026] ❌ LỖI: page.goto: Timeout 60000ms exceeded.
Call log:
  - navigating to "https://www.facebook.com/", waiting until "networkidle"

[14:54:27 29/4/2026] 🏁 Kết thúc.
[14:55:40 29/4/2026] 🚀 Bắt đầu POST bài (Tổng: 2)...
[14:55:41 29/4/2026] 
📝 Đang đăng bài: combo_profile
[14:55:41 29/4/2026] 🔗 Truy cập: https://www.facebook.com
[14:55:48 29/4/2026] 🔍 Mở ô soạn thảo...
[14:55:53 29/4/2026] 🖼️ Tải 1 ảnh...
[14:56:01 29/4/2026] ✍️ Nhập nội dung...
[14:56:04 29/4/2026] 🔘 Tiến hành đăng bài...
[14:56:19 29/4/2026] ✅ THÀNH CÔNG!
[14:56:19 29/4/2026] ⏳ Nghỉ 64s...
[14:57:23 29/4/2026] 
📝 Đang đăng bài: combo_page
[14:57:23 29/4/2026] 🔗 Truy cập: https://www.facebook.com/61588688891696
[14:57:30 29/4/2026] 🔄 Chuyển sang Profile Fanpage...
[14:57:50 29/4/2026] 🔍 Mở ô soạn thảo...
[14:58:25 29/4/2026] 🖼️ Tải 1 ảnh...
[14:58:55 29/4/2026] ❌ LỖI: locator.setInputFiles: Timeout 30000ms exceeded.
Call log:
  - waiting for locator('input[type="file"]').last()

[14:58:55 29/4/2026] 🏁 Kết thúc.
[15:00:00 29/4/2026] 🚀 Bắt đầu POST bài (Tổng: 1)...
[15:00:01 29/4/2026] 
📝 Đang đăng bài: combo_page
[15:00:01 29/4/2026] 🔗 Truy cập: https://www.facebook.com/61588688891696
[15:00:08 29/4/2026] 🔄 Chuyển sang Profile Fanpage (nút chung)...
[15:00:28 29/4/2026] 🔍 Mở ô soạn thảo...
[15:01:03 29/4/2026] 🖼️ Tải 1 ảnh...
[15:01:33 29/4/2026] ❌ LỖI: locator.setInputFiles: Timeout 30000ms exceeded.
Call log:
  - waiting for locator('input[type="file"]').last()

[15:01:33 29/4/2026] 🏁 Kết thúc.
[15:02:20 29/4/2026] 🚀 Bắt đầu POST bài (Tổng: 1)...
[15:02:21 29/4/2026] 
📝 Đang đăng bài: combo_page
[15:02:21 29/4/2026] 🔗 Truy cập: https://www.facebook.com/61588688891696
[15:02:28 29/4/2026] 🔄 Kiểm tra yêu cầu chuyển Profile...
[15:02:43 29/4/2026] 🔍 Mở ô soạn thảo...
[15:02:48 29/4/2026] 🖼️ Tải 1 ảnh...
[15:02:56 29/4/2026] ✍️ Nhập nội dung...
[15:02:58 29/4/2026] 🔘 Tiến hành đăng bài...
[15:03:04 29/4/2026] ⚠️ Không bấm được nút Đăng, thử Enter...
[15:03:19 29/4/2026] ✅ THÀNH CÔNG!
[15:03:19 29/4/2026] 🏁 Kết thúc.
[15:04:24 29/4/2026] 🚀 Bắt đầu POST bài (Tổng: 1)...
[15:04:26 29/4/2026] 
📝 Đang đăng bài: combo_page_final_force
[15:04:26 29/4/2026] 🔗 Truy cập: https://www.facebook.com/61588688891696
[15:04:33 29/4/2026] 🔄 Kiểm tra yêu cầu chuyển Profile...
[15:04:48 29/4/2026] 🔍 Mở ô soạn thảo...
[15:04:53 29/4/2026] 🖼️ Tải 1 ảnh...
[15:04:53 29/4/2026] ❌ LỖI: ENOENT: no such file or directory, stat '/Users/apple/TKMG/fb-auto-poster/queue/sunset.png'
[15:04:53 29/4/2026] 🏁 Kết thúc.
[15:05:11 29/4/2026] 🚀 Bắt đầu POST bài (Tổng: 1)...
[15:05:12 29/4/2026] 
📝 Đang đăng bài: combo_page_final_force
[15:05:12 29/4/2026] 🔗 Truy cập: https://www.facebook.com/61588688891696
[15:05:18 29/4/2026] 🔄 Kiểm tra yêu cầu chuyển Profile...
[15:05:33 29/4/2026] 🔍 Mở ô soạn thảo...
[15:05:39 29/4/2026] 🖼️ Tải 1 ảnh...
[15:05:47 29/4/2026] ✍️ Nhập nội dung...
[15:05:49 29/4/2026] 🔘 Tiến hành đăng bài...
[15:05:49 29/4/2026] 🔘 Bấm nút Tiếp...
[15:05:56 29/4/2026] 🔘 Bấm nút Đăng cuối cùng (Multi-trigger)...
[15:06:13 29/4/2026] ✅ THÀNH CÔNG!
[15:06:13 29/4/2026] 🏁 Kết thúc.
[15:08:35 29/4/2026] 🚀 Bắt đầu POST bài (Tổng: 3)...
[15:08:36 29/4/2026] 
📝 Đang đăng bài: roundtrip_1_profile
[15:08:36 29/4/2026] 🔗 Truy cập: https://www.facebook.com
[15:08:44 29/4/2026] 🔄 Kiểm tra nếu cần chuyển về Profile cá nhân...
[15:08:44 29/4/2026] 🔍 Mở ô soạn thảo...
[15:08:49 29/4/2026] 🖼️ Tải 1 ảnh...
[15:08:57 29/4/2026] ✍️ Nhập nội dung...
[15:08:59 29/4/2026] 🔘 Tiến hành đăng bài...
[15:09:01 29/4/2026] 🔘 Bấm nút Đăng cuối cùng (Multi-trigger)...
[15:09:19 29/4/2026] ✅ THÀNH CÔNG!
[15:09:19 29/4/2026] ⏳ Nghỉ 77s...
[15:10:36 29/4/2026] 
📝 Đang đăng bài: roundtrip_2_page
[15:10:36 29/4/2026] 🔗 Truy cập: https://www.facebook.com/61588688891696
[15:10:43 29/4/2026] 🔄 Đang chuyển sang Profile Fanpage...
[15:10:43 29/4/2026] 🔄 Kiểm tra yêu cầu chuyển Profile...
[15:10:58 29/4/2026] 🔍 Mở ô soạn thảo...
[15:11:03 29/4/2026] 🖼️ Tải 1 ảnh...
[15:11:11 29/4/2026] ✍️ Nhập nội dung...
[15:11:13 29/4/2026] 🔘 Tiến hành đăng bài...
[15:11:13 29/4/2026] 🔘 Bấm nút Tiếp...
[15:11:20 29/4/2026] 🔘 Bấm nút Đăng cuối cùng (Multi-trigger)...
[15:11:38 29/4/2026] ✅ THÀNH CÔNG!
[15:11:38 29/4/2026] ⏳ Nghỉ 68s...
[15:12:46 29/4/2026] 
📝 Đang đăng bài: roundtrip_3_profile
[15:12:46 29/4/2026] 🔗 Truy cập: https://www.facebook.com
[15:12:54 29/4/2026] 🔄 Kiểm tra nếu cần chuyển về Profile cá nhân...
[15:12:54 29/4/2026] 🔍 Mở ô soạn thảo...
[15:12:59 29/4/2026] 🖼️ Tải 1 ảnh...
[15:13:07 29/4/2026] ✍️ Nhập nội dung...
[15:13:09 29/4/2026] 🔘 Tiến hành đăng bài...
[15:13:09 29/4/2026] 🔘 Bấm nút Tiếp...
[15:13:16 29/4/2026] 🔘 Bấm nút Đăng cuối cùng (Multi-trigger)...
[15:13:34 29/4/2026] ✅ THÀNH CÔNG!
[15:13:34 29/4/2026] 🏁 Kết thúc.
[15:14:22 29/4/2026] 📭 Hàng đợi trống.
[15:14:43 29/4/2026] 🚀 Bắt đầu POST bài (Tổng: 3)...
[15:14:44 29/4/2026] 
📝 Đang đăng bài: roundtrip_1_profile
[15:14:44 29/4/2026] 🔗 Truy cập: https://www.facebook.com
[15:14:51 29/4/2026] 🔄 Kiểm tra nếu cần chuyển về Profile cá nhân...
[15:14:51 29/4/2026] 🔍 Mở ô soạn thảo...
[15:14:56 29/4/2026] 🖼️ Tải 1 ảnh...
[15:15:04 29/4/2026] ✍️ Nhập nội dung...
[15:15:06 29/4/2026] 🔘 Tiến hành đăng bài...
[15:15:08 29/4/2026] 🔘 Bấm nút Đăng cuối cùng (Multi-trigger)...
[15:15:26 29/4/2026] ✅ THÀNH CÔNG!
[15:15:26 29/4/2026] ⏳ Nghỉ 61s...
[15:16:27 29/4/2026] 
📝 Đang đăng bài: roundtrip_2_page
[15:16:27 29/4/2026] 🔗 Truy cập: https://www.facebook.com/61588688891696
[15:16:34 29/4/2026] 🔄 Đang chuyển sang Profile Fanpage...
[15:16:34 29/4/2026] 🔄 Kiểm tra yêu cầu chuyển Profile...
[15:16:34 29/4/2026] 🔍 Thử tìm nút Switch qua Menu tài khoản...
[15:16:40 29/4/2026] ✅ Chuyển Profile thành công.
[15:16:45 29/4/2026] 🔍 Mở ô soạn thảo...
[15:17:20 29/4/2026] 🖼️ Tải 1 ảnh...
[15:17:28 29/4/2026] ✍️ Nhập nội dung...
[15:17:58 29/4/2026] ❌ LỖI: locator.waitFor: Timeout 30000ms exceeded.
Call log:
  - waiting for locator('div[role="dialog"] div[role="textbox"][contenteditable="true"]').first() to be visible

[15:17:58 29/4/2026] 🏁 Kết thúc.
[15:18:49 29/4/2026] 🚀 Bắt đầu POST bài (Tổng: 2)...
[15:18:51 29/4/2026] 
📝 Đang đăng bài: roundtrip_2_page
[15:18:51 29/4/2026] 🔗 Truy cập: https://www.facebook.com/61588688891696
[15:19:01 29/4/2026] 🔄 Đang kiểm tra chuyển sang Profile Fanpage...
[15:19:01 29/4/2026] 🔄 Kiểm tra yêu cầu chuyển Profile...
[15:19:01 29/4/2026] 🔍 Thử tìm nút Switch qua Menu tài khoản...
[15:19:07 29/4/2026] ✅ Chuyển Profile thành công.
[15:19:07 29/4/2026] 🔄 Chuyển Profile hoàn tất. Truy cập lại URL để làm mới giao diện...
[15:19:13 29/4/2026] 🔍 Mở ô soạn thảo...
[15:19:48 29/4/2026] 🖼️ Tải 1 ảnh...
[15:19:52 29/4/2026] 🚀 Bắt đầu POST bài (Tổng: 3)...
[15:19:53 29/4/2026] 
📝 Đang đăng bài: final_p1
[15:19:53 29/4/2026] 🔗 Truy cập: https://www.facebook.com
[15:20:00 29/4/2026] 🔄 Kiểm tra nếu cần chuyển về Profile cá nhân...
[15:20:01 29/4/2026] 🔍 Mở ô soạn thảo...
[15:20:06 29/4/2026] 🖼️ Tải 1 ảnh...
[15:20:14 29/4/2026] ✍️ Nhập nội dung...
[15:20:16 29/4/2026] 🔘 Tiến hành đăng bài...
[15:20:18 29/4/2026] 🔘 Bấm nút Đăng cuối cùng (Multi-trigger)...
[15:20:18 29/4/2026] ❌ LỖI: locator.setInputFiles: Timeout 30000ms exceeded.
Call log:
  - waiting for locator('input[type="file"]').last()

[15:20:19 29/4/2026] 🏁 Kết thúc.
[15:20:35 29/4/2026] ✅ THÀNH CÔNG!
[15:20:35 29/4/2026] ⏳ Nghỉ 66s...
[15:21:42 29/4/2026] 
📝 Đang đăng bài: final_page
[15:21:42 29/4/2026] 🔗 Truy cập: https://www.facebook.com/61588688891696
[15:21:49 29/4/2026] 🔄 Đang kiểm tra chuyển sang Profile Fanpage...
[15:21:49 29/4/2026] 🔄 Kiểm tra yêu cầu chuyển Profile...
[15:21:49 29/4/2026] 🔍 Thử tìm nút Switch qua Menu tài khoản...
[15:21:55 29/4/2026] ✅ Chuyển Profile thành công.
[15:21:55 29/4/2026] 🔄 Chuyển Profile hoàn tất. Truy cập lại URL để làm mới giao diện...
[15:22:01 29/4/2026] 🔍 Mở ô soạn thảo...
[15:22:36 29/4/2026] 🖼️ Tải 1 ảnh...
[15:22:44 29/4/2026] ✍️ Nhập nội dung...
[15:23:14 29/4/2026] ❌ LỖI: locator.waitFor: Timeout 30000ms exceeded.
Call log:
  - waiting for locator('div[role="dialog"] div[role="textbox"][contenteditable="true"]').first() to be visible

[15:23:14 29/4/2026] 🏁 Kết thúc.
[15:27:33 29/4/2026] 🚀 Bắt đầu POST bài (Tổng: 2)...
[15:27:35 29/4/2026] 
📝 Đang đăng bài: final_page
[15:27:35 29/4/2026] 🔗 Truy cập: https://www.facebook.com/61588688891696
[15:27:41 29/4/2026] 🔄 Đang kiểm tra chuyển sang Profile Fanpage...
[15:27:41 29/4/2026] 🔄 Kiểm tra yêu cầu chuyển Profile...
[15:27:41 29/4/2026] 🔍 Thử tìm nút Switch qua Menu tài khoản...
[15:27:47 29/4/2026] ✅ Chuyển Profile thành công.
[15:27:47 29/4/2026] 🔄 Chuyển Profile hoàn tất. Truy cập lại URL để làm mới giao diện...
[15:27:54 29/4/2026] 🔍 Mở ô soạn thảo...
[15:28:29 29/4/2026] 🖼️ Tải 1 ảnh...
[15:28:37 29/4/2026] ✍️ Nhập nội dung...
[15:29:07 29/4/2026] ❌ LỖI: locator.waitFor: Timeout 30000ms exceeded.
Call log:
  - waiting for locator('div[role="dialog"] div[role="textbox"][contenteditable="true"]').first() to be visible

[15:29:07 29/4/2026] 🏁 Kết thúc.
[15:33:28 29/4/2026] 🚀 Bắt đầu POST bài (Tổng: 3)...
[15:33:29 29/4/2026] 
📝 Đang đăng bài: final_p1
[15:33:29 29/4/2026] 🔗 Truy cập: https://www.facebook.com
[15:33:37 29/4/2026] 🔄 Kiểm tra nếu cần chuyển về Profile cá nhân...
[15:33:37 29/4/2026] 🔍 Mở ô soạn thảo...
[15:33:42 29/4/2026] 🖼️ Tải 1 ảnh...
[15:33:50 29/4/2026] ✍️ Nhập nội dung...
[15:34:20 29/4/2026] ❌ LỖI: locator.waitFor: Timeout 30000ms exceeded.
Call log:
  - waiting for locator('div[role="dialog"] div[role="textbox"][contenteditable="true"]').first() to be visible

[15:34:20 29/4/2026] 🏁 Kết thúc.
[15:35:43 29/4/2026] 🚀 Bắt đầu POST bài (Tổng: 3)...
[15:35:44 29/4/2026] 
📝 Đang đăng bài: final_p1
[15:35:44 29/4/2026] 🔗 Truy cập: https://www.facebook.com
[15:35:51 29/4/2026] 🔄 Kiểm tra nếu cần chuyển về Profile cá nhân...
[15:35:51 29/4/2026] 🔍 Mở ô soạn thảo...
[15:35:51 29/4/2026] ⏳ Đợi bảng soạn thảo tải xong...
[15:35:54 29/4/2026] 🖼️ Tải 1 ảnh...
[15:36:02 29/4/2026] ✍️ Nhập nội dung...
[15:36:04 29/4/2026] 🔘 Tiến hành đăng bài...
[15:36:06 29/4/2026] 🔘 Bấm nút Đăng cuối cùng (Multi-trigger)...
[15:36:23 29/4/2026] ✅ THÀNH CÔNG!
[15:36:23 29/4/2026] ⏳ Nghỉ 69s...
[15:37:33 29/4/2026] 
📝 Đang đăng bài: final_page
[15:37:33 29/4/2026] 🔗 Truy cập: https://www.facebook.com/61588688891696
[15:37:40 29/4/2026] 🔄 Đang kiểm tra chuyển sang Profile Fanpage...
[15:37:40 29/4/2026] 🔄 Kiểm tra yêu cầu chuyển Profile...
[15:37:40 29/4/2026] 🔄 Tìm thấy nút Switch chung, đang click...
[15:37:48 29/4/2026] 🔄 Chuyển Profile hoàn tất. Truy cập lại URL để làm mới giao diện...
[15:37:54 29/4/2026] 🔍 Mở ô soạn thảo...
[15:38:24 29/4/2026] ⏳ Đợi bảng soạn thảo tải xong...
[15:38:54 29/4/2026] ❌ LỖI: locator.waitFor: Timeout 30000ms exceeded.
Call log:
  - waiting for locator('div[role="dialog"] div[role="textbox"][contenteditable="true"]').first() to be visible

[15:38:54 29/4/2026] 🏁 Kết thúc.
[15:40:35 29/4/2026] 🚀 Bắt đầu POST bài (Tổng: 3)...
[15:40:36 29/4/2026] 
📝 Đang đăng bài: final_p1
[15:40:36 29/4/2026] 🔗 Truy cập: https://www.facebook.com
[15:40:43 29/4/2026] 🔄 Kiểm tra nếu cần chuyển về Profile cá nhân...
[15:40:43 29/4/2026] 🔍 Mở ô soạn thảo...
[15:40:43 29/4/2026] ⏳ Đợi bảng soạn thảo tải xong...
[15:40:46 29/4/2026] 🖼️ Tải 1 ảnh...
[15:40:54 29/4/2026] ✍️ Nhập nội dung...
[15:40:56 29/4/2026] 🔘 Tiến hành đăng bài...
[15:40:58 29/4/2026] 🔘 Bấm nút Đăng cuối cùng (Multi-trigger)...
[15:41:15 29/4/2026] ✅ THÀNH CÔNG!
[15:41:15 29/4/2026] ⏳ Nghỉ 75s...
[15:42:31 29/4/2026] 
📝 Đang đăng bài: final_page
[15:42:31 29/4/2026] 🔗 Truy cập: https://www.facebook.com/61588688891696
[15:42:38 29/4/2026] 🔄 Đang kiểm tra chuyển sang Profile Fanpage...
[15:42:38 29/4/2026] 🔄 Kiểm tra yêu cầu chuyển Profile...
[15:42:38 29/4/2026] 🔍 Thử tìm nút Switch qua Menu tài khoản...
[15:42:45 29/4/2026] ⚠️ Không tìm thấy nút chuyển Profile nào. Bỏ qua.
[15:42:45 29/4/2026] 🔍 Mở ô soạn thảo...
[15:43:15 29/4/2026] ⏳ Đợi bảng soạn thảo tải xong...
[15:43:45 29/4/2026] ❌ LỖI: locator.waitFor: Timeout 30000ms exceeded.
Call log:
  - waiting for locator('div[role="dialog"] div[role="textbox"][contenteditable="true"]').first() to be visible

[15:43:45 29/4/2026] 🏁 Kết thúc.
[15:44:53 29/4/2026] 🚀 Bắt đầu POST bài (Tổng: 2)...
[15:44:54 29/4/2026] 
📝 Đang đăng bài: final_page
[15:44:54 29/4/2026] 🔗 Truy cập: https://www.facebook.com/61588688891696
[15:45:01 29/4/2026] 🔄 Đang kiểm tra chuyển sang Profile Fanpage...
[15:45:01 29/4/2026] 🔄 Kiểm tra yêu cầu chuyển Profile...
[15:45:01 29/4/2026] 🔍 Thử tìm nút Switch qua Menu tài khoản...
[15:45:07 29/4/2026] ⚠️ Không tìm thấy profileToSwitch. Đang chụp ảnh Menu...
[15:45:07 29/4/2026] === NỘI DUNG MENU ===
Select profile
Viet Nguyen
VietNguyen-AI
Create Page
See all Pages
====================
[15:45:08 29/4/2026] ⚠️ Không tìm thấy nút chuyển Profile nào. Bỏ qua.
[15:45:08 29/4/2026] 🔍 Mở ô soạn thảo...
[15:45:38 29/4/2026] ⏳ Đợi bảng soạn thảo tải xong...
[15:46:08 29/4/2026] ❌ LỖI: locator.waitFor: Timeout 30000ms exceeded.
Call log:
  - waiting for locator('div[role="dialog"] div[role="textbox"][contenteditable="true"]').first() to be visible

[15:46:08 29/4/2026] 🏁 Kết thúc.
[15:49:11 29/4/2026] 🚀 Bắt đầu POST bài (Tổng: 3)...
[15:49:13 29/4/2026] 
📝 Đang đăng bài: final_p1
[15:49:13 29/4/2026] 🔗 Truy cập: https://www.facebook.com
[15:49:20 29/4/2026] 🔄 Đang kiểm tra tư cách người dùng hiện tại...
[15:49:20 29/4/2026] ✅ Đang ở tư cách Profile cá nhân.
[15:49:20 29/4/2026] 🔍 Mở ô soạn thảo...
[15:49:20 29/4/2026] ⏳ Đợi bảng soạn thảo tải xong...
[15:49:23 29/4/2026] 🖼️ Tải 1 ảnh...
[15:49:31 29/4/2026] ✍️ Nhập nội dung...
[15:49:33 29/4/2026] 🔘 Tiến hành đăng bài...
[15:49:35 29/4/2026] 🔘 Bấm nút Đăng cuối cùng (Multi-trigger)...
[15:49:52 29/4/2026] ✅ THÀNH CÔNG!
[15:49:52 29/4/2026] ⏳ Nghỉ 64s...
[15:50:57 29/4/2026] 
📝 Đang đăng bài: final_page
[15:50:57 29/4/2026] 🔗 Truy cập: https://www.facebook.com/61588688891696
[15:51:06 29/4/2026] 🔄 Đang kiểm tra chuyển sang Profile Fanpage...
[15:51:06 29/4/2026] 📌 Tên đích nhận diện được: Manage Page
[15:51:06 29/4/2026] 🔄 Kiểm tra yêu cầu chuyển Profile...
[15:51:06 29/4/2026] 🔍 Thử tìm nút Switch qua Menu tài khoản...
[15:51:12 29/4/2026] 🔍 Đang tìm Profile có tên: Manage Page
[15:51:12 29/4/2026] ⚠️ Không tìm thấy profile đích. Bỏ qua.
[15:51:13 29/4/2026] ⚠️ Không tìm thấy nút chuyển Profile nào. Bỏ qua.
[15:51:13 29/4/2026] 🔍 Mở ô soạn thảo...
[15:51:43 29/4/2026] ⏳ Đợi bảng soạn thảo tải xong...
[15:52:13 29/4/2026] ❌ LỖI: locator.waitFor: Timeout 30000ms exceeded.
Call log:
  - waiting for locator('div[role="dialog"] div[role="textbox"][contenteditable="true"]').first() to be visible

[15:52:13 29/4/2026] 🏁 Kết thúc.
[05:15:21 4/5/2026] 🚀 Bắt đầu POST bài (Tổng: 3)...
[05:15:24 4/5/2026] 
📝 Đang đăng bài: post_1
[05:15:24 4/5/2026] 🔗 Truy cập: https://www.facebook.com
[05:15:31 4/5/2026] 🔄 Đang kiểm tra tư cách người dùng hiện tại...
[05:15:31 4/5/2026] ✅ Đang ở tư cách Profile cá nhân.
[05:15:31 4/5/2026] 🔍 Mở ô soạn thảo...
[05:15:32 4/5/2026] ⏳ Đợi bảng soạn thảo tải xong...
[05:15:34 4/5/2026] 🖼️ Tải 1 ảnh...
[05:15:42 4/5/2026] ✍️ Nhập nội dung...
[05:15:44 4/5/2026] 🔘 Tiến hành đăng bài...
[05:15:46 4/5/2026] 🔘 Bấm nút Đăng cuối cùng (Multi-trigger)...
[05:16:04 4/5/2026] ✅ THÀNH CÔNG!
[05:16:04 4/5/2026] ⏳ Nghỉ 67s...
[05:17:11 4/5/2026] 
📝 Đang đăng bài: final_page
[05:17:11 4/5/2026] 🔗 Truy cập: https://www.facebook.com/61588688891696
[05:17:19 4/5/2026] 🔄 Đang kiểm tra chuyển sang Profile Fanpage...
[05:17:19 4/5/2026] 📌 Tên đích nhận diện được: Notifications
[05:17:19 4/5/2026] 🔄 Kiểm tra yêu cầu chuyển Profile...
[05:17:19 4/5/2026] 🔍 Thử tìm nút Switch qua Menu tài khoản...
[05:17:25 4/5/2026] 🔍 Đang tìm Profile có tên: Notifications
[05:17:25 4/5/2026] 🔄 Đang click chuyển trong Menu Tài khoản...
[05:17:35 4/5/2026] 🔄 Chuyển Profile hoàn tất. Truy cập lại URL để làm mới giao diện...
[05:17:41 4/5/2026] 🔍 Mở ô soạn thảo...
[05:18:11 4/5/2026] ⏳ Đợi bảng soạn thảo tải xong...
[05:18:41 4/5/2026] ❌ LỖI: locator.waitFor: Timeout 30000ms exceeded.
Call log:
  - waiting for locator('div[role="dialog"] div[role="textbox"][contenteditable="true"]').first() to be visible

[05:18:41 4/5/2026] 🏁 Kết thúc.
[05:20:56 4/5/2026] 🚀 Bắt đầu POST bài (Tổng: 2)...
[05:20:57 4/5/2026] 
📝 Đang đăng bài: final_page
[05:20:57 4/5/2026] 🔗 Truy cập: https://www.facebook.com/61588688891696
[05:21:03 4/5/2026] 🔄 Đang kiểm tra chuyển sang Profile Fanpage...
[05:21:03 4/5/2026] 📌 Tên đích nhận diện được: Manage Page
[05:21:03 4/5/2026] 🔄 Kiểm tra yêu cầu chuyển Profile...
[05:21:04 4/5/2026] 🔍 Thử tìm nút Switch qua Menu tài khoản...
[05:21:10 4/5/2026] 🔍 Đang tìm Profile có tên: Manage Page
[05:21:10 4/5/2026] ⚠️ Không tìm thấy profile đích. Bỏ qua.
[05:21:11 4/5/2026] ⚠️ Không tìm thấy nút chuyển Profile nào. Bỏ qua.
[05:21:11 4/5/2026] 🔍 Mở ô soạn thảo...
[05:21:41 4/5/2026] ⏳ Đợi bảng soạn thảo tải xong...
[05:22:11 4/5/2026] ❌ LỖI: locator.waitFor: Timeout 30000ms exceeded.
Call log:
  - waiting for locator('div[role="dialog"] div[role="textbox"][contenteditable="true"]').first() to be visible

[05:22:11 4/5/2026] 🏁 Kết thúc.
[06:32:39 4/5/2026] 🚀 Bắt đầu POST bài (Tổng: 2)...
[06:32:42 4/5/2026] 
📝 Đang đăng bài: final_page
[06:32:42 4/5/2026] 🔗 Truy cập: https://www.facebook.com/61588688891696
[06:32:49 4/5/2026] 🔄 Đang kiểm tra chuyển sang Profile Fanpage...
[06:32:49 4/5/2026] 📌 Tên đích nhận diện được: VietNguyen-AI
[06:32:49 4/5/2026] 🔄 Kiểm tra yêu cầu chuyển Profile...
[06:32:49 4/5/2026] 🔍 Thử tìm nút Switch qua Menu tài khoản...
[06:32:49 4/5/2026] ⚠️ Không tìm thấy nút chuyển Profile nào. Bỏ qua.
[06:32:49 4/5/2026] 🔍 Mở ô soạn thảo...
[06:33:19 4/5/2026] ⏳ Đợi bảng soạn thảo tải xong...
[06:33:49 4/5/2026] ❌ LỖI: locator.waitFor: Timeout 30000ms exceeded.
Call log:
  - waiting for locator('div[role="dialog"] div[role="textbox"][contenteditable="true"]').first() to be visible
    - waiting for" https://www.facebook.com/login/device-based/regular/login/?login_attempt=1" navigation to finish...
    - navigated to "https://www.facebook.com/people/VietNguyen-AI/61588688891696/?lsrc=lb"

[06:33:49 4/5/2026] 🏁 Kết thúc.
[06:38:06 4/5/2026] 🚀 Bắt đầu POST bài (Tổng: 2)...
[06:38:08 4/5/2026] 
📝 Đang đăng bài: final_page
[06:38:08 4/5/2026] 🔗 Truy cập: https://www.facebook.com/61588688891696
[06:38:14 4/5/2026] 🔄 Đang kiểm tra chuyển sang Profile Fanpage...
[06:38:14 4/5/2026] 📌 Tên đích nhận diện được: VietNguyen-AI
[06:38:14 4/5/2026] 🔄 Kiểm tra yêu cầu chuyển Profile...
[06:38:14 4/5/2026] 🔍 Thử tìm nút Switch qua Menu tài khoản (Lần 1)...
[06:38:16 4/5/2026] 🔍 Thử tìm nút Switch qua Menu tài khoản (Lần 2)...
[06:38:18 4/5/2026] 🔍 Thử tìm nút Switch qua Menu tài khoản (Lần 3)...
[06:38:20 4/5/2026] ⚠️ Không tìm thấy nút chuyển Profile nào.
[06:38:20 4/5/2026] 🔍 Mở ô soạn thảo...
[06:38:50 4/5/2026] ⏳ Đợi bảng soạn thảo tải xong...
[06:39:20 4/5/2026] ❌ LỖI: locator.waitFor: Timeout 30000ms exceeded.
Call log:
  - waiting for locator('div[role="dialog"] div[role="textbox"][contenteditable="true"]').first() to be visible

[06:39:20 4/5/2026] 🏁 Kết thúc.
[06:40:07 4/5/2026] 🚀 Bắt đầu POST bài (Tổng: 2)...
[06:40:08 4/5/2026] 
📝 Đang đăng bài: final_page
[06:40:08 4/5/2026] 🔗 Truy cập: https://www.facebook.com/61588688891696
[06:40:14 4/5/2026] 🔄 Đang kiểm tra chuyển sang Profile Fanpage...
[06:40:14 4/5/2026] 📌 Tên đích nhận diện được: VietNguyen-AI
[06:40:14 4/5/2026] 🔄 Kiểm tra yêu cầu chuyển Profile...
[06:40:14 4/5/2026] 🔍 Thử tìm nút Switch qua Menu tài khoản (Lần 1)...
[06:40:14 4/5/2026] 🔍 Tìm kiếm Account Menu...
[06:40:14 4/5/2026] ⚠️ Không thấy Account Menu ở Top Right.
[06:40:16 4/5/2026] 🔍 Thử tìm nút Switch qua Menu tài khoản (Lần 2)...
[06:40:16 4/5/2026] 🔍 Tìm kiếm Account Menu...
[06:40:16 4/5/2026] ⚠️ Không thấy Account Menu ở Top Right.
[06:40:18 4/5/2026] 🔍 Thử tìm nút Switch qua Menu tài khoản (Lần 3)...
[06:40:18 4/5/2026] 🔍 Tìm kiếm Account Menu...
[06:40:18 4/5/2026] ⚠️ Không thấy Account Menu ở Top Right.
[06:40:21 4/5/2026] ⚠️ Không tìm thấy nút chuyển Profile nào.
[06:40:21 4/5/2026] 🔍 Mở ô soạn thảo...
[06:40:51 4/5/2026] ⏳ Đợi bảng soạn thảo tải xong...
[06:41:00 4/5/2026] ❌ LỖI: locator.waitFor: Target page, context or browser has been closed
Call log:
  - waiting for locator('div[role="dialog"] div[role="textbox"][contenteditable="true"]').first() to be visible

[06:41:00 4/5/2026] 🏁 Kết thúc.
[06:42:46 4/5/2026] 🚀 Bắt đầu POST bài (Tổng: 2)...
[06:42:47 4/5/2026] 
📝 Đang đăng bài: final_page
[06:42:47 4/5/2026] 🔗 Truy cập: https://www.facebook.com/61588688891696
[06:42:54 4/5/2026] 🔄 Đang kiểm tra chuyển sang Profile Fanpage...
[06:42:54 4/5/2026] 📌 Tên đích nhận diện được: VietNguyen-AI
[06:42:54 4/5/2026] 🔄 Kiểm tra yêu cầu chuyển Profile...
[06:42:54 4/5/2026] 🔘 Phát hiện banner Chuyển trực tiếp trên trang. Đang bấm...
[06:43:04 4/5/2026] 🔄 Chuyển Profile hoàn tất. Truy cập lại URL để làm mới giao diện...
[06:43:10 4/5/2026] 🔍 Mở ô soạn thảo...
[06:43:40 4/5/2026] ⏳ Đợi bảng soạn thảo tải xong...
[06:44:10 4/5/2026] ❌ LỖI: locator.waitFor: Timeout 30000ms exceeded.
Call log:
  - waiting for locator('div[role="dialog"] div[role="textbox"][contenteditable="true"]').first() to be visible

[06:44:11 4/5/2026] 🏁 Kết thúc.
[06:45:46 4/5/2026] 🚀 Bắt đầu POST bài (Tổng: 2)...
[06:45:47 4/5/2026] 
📝 Đang đăng bài: final_page
[06:45:47 4/5/2026] 🔗 Truy cập: https://www.facebook.com/61588688891696
[06:45:54 4/5/2026] 🔄 Đang kiểm tra chuyển sang Profile Fanpage...
[06:45:54 4/5/2026] 📌 Tên đích nhận diện được: VietNguyen-AI
[06:45:54 4/5/2026] 🔄 Kiểm tra yêu cầu chuyển Profile...
[06:45:54 4/5/2026] 🔘 Phát hiện banner Chuyển trực tiếp trên trang. Đang bấm...
[06:46:04 4/5/2026] 🔄 Chuyển Profile hoàn tất. Truy cập lại URL để làm mới giao diện...
[06:46:11 4/5/2026] 🔍 Đang tìm ô soạn thảo...
[06:46:13 4/5/2026] ⚠️ Không thấy ô soạn thảo bằng selector thông thường. Thử click tọa độ...
[06:46:13 4/5/2026] ⏳ Đợi bảng soạn thảo tải xong...
[06:46:43 4/5/2026] ❌ LỖI: locator.waitFor: Timeout 30000ms exceeded.
Call log:
  - waiting for locator('div[role="dialog"] div[role="textbox"][contenteditable="true"]').first() to be visible

[06:46:43 4/5/2026] 🏁 Kết thúc.
[06:47:23 4/5/2026] 🚀 Bắt đầu POST bài (Tổng: 2)...
[06:47:25 4/5/2026] 
📝 Đang đăng bài: final_page
[06:47:25 4/5/2026] 🔗 Truy cập: https://www.facebook.com/61588688891696
[06:47:32 4/5/2026] 🔄 Đang kiểm tra chuyển sang Profile Fanpage...
[06:47:32 4/5/2026] 📌 Tên đích nhận diện được: VietNguyen-AI
[06:47:32 4/5/2026] 🔄 Kiểm tra yêu cầu chuyển Profile...
[06:47:32 4/5/2026] 🔘 Phát hiện banner Chuyển trực tiếp trên trang. Đang thực hiện chuyển đổi...
[06:47:32 4/5/2026] 🔄 Click nút Switch Now (Lần 1)...
[06:47:37 4/5/2026] 🔘 Bấm xác nhận trong Dialog chuyển đổi...
[06:47:47 4/5/2026] ✅ Đã thực hiện các bước chuyển đổi từ banner.
[06:47:47 4/5/2026] 🔄 Chuyển Profile hoàn tất. Truy cập lại URL để làm mới giao diện...
[06:47:55 4/5/2026] 🔍 Đang tìm ô soạn thảo...
[06:47:57 4/5/2026] 🔘 Đã tìm thấy ô soạn thảo. Đang click...
[06:47:57 4/5/2026] ⏳ Đợi bảng soạn thảo tải xong...
[06:47:59 4/5/2026] 🖼️ Tải 1 ảnh...
[06:48:07 4/5/2026] ✍️ Nhập nội dung...
[06:48:10 4/5/2026] 🔘 Tiến hành đăng bài...
[06:48:10 4/5/2026] 🔘 Bấm nút Tiếp...
[06:48:17 4/5/2026] 🔘 Bấm nút Đăng cuối cùng (Multi-trigger)...
[06:48:34 4/5/2026] ✅ THÀNH CÔNG!
[06:48:34 4/5/2026] ⏳ Nghỉ 65s...
[06:49:39 4/5/2026] 
📝 Đang đăng bài: final_p2
[06:49:39 4/5/2026] 🔗 Truy cập: https://www.facebook.com
[06:49:39 4/5/2026] ❌ LỖI: page.goto: Target page, context or browser has been closed
[06:49:40 4/5/2026] 🏁 Kết thúc.
[06:50:21 4/5/2026] 🚀 Bắt đầu POST bài (Tổng: 3)...
[06:50:22 4/5/2026] 
📝 Đang đăng bài: post_1_profile
[06:50:22 4/5/2026] 🔗 Truy cập: https://www.facebook.com
[06:50:32 4/5/2026] 🔄 Đang kiểm tra tư cách người dùng hiện tại...
[06:50:32 4/5/2026] ✅ Đang ở tư cách Profile cá nhân.
[06:50:32 4/5/2026] 🔍 Đang tìm ô soạn thảo...
[06:50:34 4/5/2026] 🔘 Đã tìm thấy ô soạn thảo. Đang click...
[06:50:34 4/5/2026] ⏳ Đợi bảng soạn thảo tải xong...
[06:50:37 4/5/2026] 🖼️ Tải 1 ảnh...
[06:50:45 4/5/2026] ✍️ Nhập nội dung...
[06:50:47 4/5/2026] 🔘 Tiến hành đăng bài...
[06:50:49 4/5/2026] 🔘 Bấm nút Đăng cuối cùng (Multi-trigger)...
[06:51:07 4/5/2026] ✅ THÀNH CÔNG!
[06:51:07 4/5/2026] ⏳ Nghỉ 69s...
[06:52:16 4/5/2026] 
📝 Đang đăng bài: post_2_page
[06:52:16 4/5/2026] 🔗 Truy cập: https://www.facebook.com/61588688891696
[06:52:23 4/5/2026] 🔄 Đang kiểm tra chuyển sang Profile Fanpage...
[06:52:23 4/5/2026] 📌 Tên đích nhận diện được: VietNguyen-AI
[06:52:23 4/5/2026] 🔄 Kiểm tra yêu cầu chuyển Profile...
[06:52:23 4/5/2026] 🔘 Phát hiện banner Chuyển trực tiếp trên trang. Đang thực hiện chuyển đổi...
[06:52:23 4/5/2026] 🔄 Click nút Switch Now (Lần 1)...
[06:52:28 4/5/2026] 🔘 Bấm xác nhận trong Dialog chuyển đổi...
[06:52:38 4/5/2026] ✅ Đã thực hiện các bước chuyển đổi từ banner.
[06:52:38 4/5/2026] 🔄 Chuyển Profile hoàn tất. Truy cập lại URL để làm mới giao diện...
[06:52:45 4/5/2026] 🔍 Đang tìm ô soạn thảo...
[06:52:47 4/5/2026] 🔘 Đã tìm thấy ô soạn thảo. Đang click...
[06:52:47 4/5/2026] ⏳ Đợi bảng soạn thảo tải xong...
[06:52:50 4/5/2026] 🖼️ Tải 1 ảnh...
[06:52:58 4/5/2026] ✍️ Nhập nội dung...
[06:53:00 4/5/2026] 🔘 Tiến hành đăng bài...
[06:53:00 4/5/2026] 🔘 Bấm nút Tiếp...
[06:53:07 4/5/2026] 🔘 Bấm nút Đăng cuối cùng (Multi-trigger)...
[06:53:24 4/5/2026] ✅ THÀNH CÔNG!
[06:53:24 4/5/2026] ⏳ Nghỉ 77s...
[06:54:42 4/5/2026] 
📝 Đang đăng bài: post_3_profile
[06:54:42 4/5/2026] 🔗 Truy cập: https://www.facebook.com
[06:54:50 4/5/2026] 🔄 Đang kiểm tra tư cách người dùng hiện tại...
[06:54:50 4/5/2026] ✅ Đang ở tư cách Profile cá nhân.
[06:54:50 4/5/2026] 🔍 Đang tìm ô soạn thảo...
[06:54:52 4/5/2026] 🔘 Đã tìm thấy ô soạn thảo. Đang click...
[06:54:53 4/5/2026] ⏳ Đợi bảng soạn thảo tải xong...
[06:54:55 4/5/2026] 🖼️ Tải 1 ảnh...
[06:55:03 4/5/2026] ✍️ Nhập nội dung...
[06:55:05 4/5/2026] 🔘 Tiến hành đăng bài...
[06:55:05 4/5/2026] 🔘 Bấm nút Tiếp...
[06:55:13 4/5/2026] 🔘 Bấm nút Đăng cuối cùng (Multi-trigger)...
[06:55:30 4/5/2026] ✅ THÀNH CÔNG!
[06:55:30 4/5/2026] 🏁 Kết thúc.
[06:58:58 4/5/2026] 🚀 Bắt đầu POST bài (Tổng: 3)...
[06:58:59 4/5/2026] 
📝 Đang đăng bài: test_1_profile
[06:58:59 4/5/2026] 🔗 Truy cập: https://www.facebook.com
[06:59:06 4/5/2026] 🔄 Đang kiểm tra tư cách người dùng hiện tại...
[06:59:06 4/5/2026] ✅ Đang ở tư cách Profile cá nhân.
[06:59:06 4/5/2026] 🔍 Đang tìm ô soạn thảo...
[06:59:08 4/5/2026] 🔘 Đã tìm thấy ô soạn thảo. Đang click...
[06:59:09 4/5/2026] ⏳ Đợi bảng soạn thảo tải xong...
[06:59:11 4/5/2026] 🖼️ Tải 1 ảnh...
[06:59:19 4/5/2026] ✍️ Nhập nội dung...
[06:59:21 4/5/2026] 🔘 Tiến hành đăng bài...
[06:59:23 4/5/2026] 🔘 Bấm nút Đăng cuối cùng (Multi-trigger)...
[06:59:41 4/5/2026] ✅ THÀNH CÔNG!
[06:59:41 4/5/2026] ⏳ Nghỉ 63s...
[07:00:44 4/5/2026] 
📝 Đang đăng bài: test_2_page
[07:00:44 4/5/2026] 🔗 Truy cập: https://www.facebook.com/61588688891696
[07:00:51 4/5/2026] 🔄 Đang kiểm tra chuyển sang Profile Fanpage...
[07:00:51 4/5/2026] 📌 Tên đích nhận diện được: VietNguyen-AI
[07:00:51 4/5/2026] 🔄 Kiểm tra yêu cầu chuyển Profile...
[07:00:51 4/5/2026] 🔘 Phát hiện banner Chuyển trực tiếp trên trang. Đang thực hiện chuyển đổi...
[07:00:51 4/5/2026] 🔄 Click nút Switch Now (Lần 1)...
[07:00:56 4/5/2026] 🔘 Bấm xác nhận trong Dialog chuyển đổi...
[07:01:06 4/5/2026] ✅ Đã thực hiện các bước chuyển đổi từ banner.
[07:01:06 4/5/2026] 🔄 Chuyển Profile hoàn tất. Truy cập lại URL để làm mới giao diện...
[07:01:12 4/5/2026] 🔍 Đang tìm ô soạn thảo...
[07:01:14 4/5/2026] 🔘 Đã tìm thấy ô soạn thảo. Đang click...
[07:01:15 4/5/2026] ⏳ Đợi bảng soạn thảo tải xong...
[07:01:17 4/5/2026] 🖼️ Tải 1 ảnh...
[07:01:25 4/5/2026] ✍️ Nhập nội dung...
[07:01:27 4/5/2026] 🔘 Tiến hành đăng bài...
[07:01:27 4/5/2026] 🔘 Bấm nút Tiếp...
[07:01:35 4/5/2026] 🔘 Bấm nút Đăng cuối cùng (Multi-trigger)...
[07:01:52 4/5/2026] ✅ THÀNH CÔNG!
[07:01:52 4/5/2026] ⏳ Nghỉ 64s...
[07:02:57 4/5/2026] 
📝 Đang đăng bài: test_3_profile
[07:02:57 4/5/2026] 🔗 Truy cập: https://www.facebook.com
[07:03:05 4/5/2026] 🔄 Đang kiểm tra tư cách người dùng hiện tại...
[07:03:05 4/5/2026] 🔄 Phát hiện đang ở tư cách Fanpage. Chuyển ngược về Profile cá nhân...
[07:03:05 4/5/2026] 🔄 Kiểm tra yêu cầu chuyển Profile...
[07:03:05 4/5/2026] 🔍 Thử tìm nút Switch qua Menu tài khoản (Lần 1)...
[07:03:05 4/5/2026] 🔍 Tìm kiếm Account Menu...
[07:03:05 4/5/2026] 🔘 Đã tìm thấy Account Menu. Đang click...
[07:03:10 4/5/2026] ❌ LỖI: locator.isVisible: Unexpected token "=" while parsing css selector "div[aria-label="See all profiles"], div[aria-label="Xem tất cả trang cá nhân"], text="See all profiles", text="Xem tất cả trang cá nhân", div[role="button"]:has-text("See all profiles"), div[role="button"]:has-text("Xem tất cả trang cá nhân")". Did you mean to CSS.escape it?
Call log:
    - checking visibility of div[aria-label="See all profiles"], div[aria-label="Xem tất cả trang cá nhân"], text="See all profiles", text="Xem tất cả trang cá nhân", div[role="button"]:has-text("See all profiles"), div[role="button"]:has-text("Xem tất cả trang cá nhân") >> nth=0

[07:03:10 4/5/2026] 🏁 Kết thúc.
[07:03:56 4/5/2026] 🚀 Bắt đầu POST bài (Tổng: 1)...
[07:03:57 4/5/2026] 
📝 Đang đăng bài: test_3_profile
[07:03:57 4/5/2026] 🔗 Truy cập: https://www.facebook.com
[07:04:04 4/5/2026] 🔄 Đang kiểm tra tư cách người dùng hiện tại...
[07:04:04 4/5/2026] ✅ Đang ở tư cách Profile cá nhân.
[07:04:04 4/5/2026] 🔍 Đang tìm ô soạn thảo...
[07:04:06 4/5/2026] 🔘 Đã tìm thấy ô soạn thảo. Đang click...
[07:04:06 4/5/2026] ⏳ Đợi bảng soạn thảo tải xong...
[07:04:09 4/5/2026] 🖼️ Tải 1 ảnh...
[07:04:17 4/5/2026] ✍️ Nhập nội dung...
[07:04:19 4/5/2026] 🔘 Tiến hành đăng bài...
[07:04:21 4/5/2026] 🔘 Bấm nút Đăng cuối cùng (Multi-trigger)...
[07:04:39 4/5/2026] ✅ THÀNH CÔNG!
[07:04:39 4/5/2026] 🏁 Kết thúc.
[07:06:16 4/5/2026] 🚀 Bắt đầu POST bài (Tổng: 3)...
[07:06:18 4/5/2026] 
📝 Đang đăng bài: final_seamless_1
[07:06:18 4/5/2026] 🔗 Truy cập: https://www.facebook.com
[07:06:25 4/5/2026] 🔄 Đang kiểm tra tư cách người dùng hiện tại...
[07:06:25 4/5/2026] ✅ Đang ở tư cách Profile cá nhân.
[07:06:25 4/5/2026] 🔍 Đang tìm ô soạn thảo...
[07:06:27 4/5/2026] 🔘 Đã tìm thấy ô soạn thảo. Đang click...
[07:06:27 4/5/2026] ⏳ Đợi bảng soạn thảo tải xong...
[07:06:30 4/5/2026] 🖼️ Tải 1 ảnh...
[07:06:38 4/5/2026] ✍️ Nhập nội dung...
[07:06:40 4/5/2026] 🔘 Tiến hành đăng bài...
[07:06:42 4/5/2026] 🔘 Bấm nút Đăng cuối cùng (Multi-trigger)...
[07:06:59 4/5/2026] ✅ THÀNH CÔNG!
[07:06:59 4/5/2026] ⏳ Nghỉ 63s...
[07:08:02 4/5/2026] 
📝 Đang đăng bài: final_seamless_2
[07:08:02 4/5/2026] 🔗 Truy cập: https://www.facebook.com/61588688891696
[07:08:09 4/5/2026] 🔄 Đang kiểm tra chuyển sang Profile Fanpage...
[07:08:09 4/5/2026] 📌 Tên đích nhận diện được: VietNguyen-AI
[07:08:09 4/5/2026] 🔄 Kiểm tra yêu cầu chuyển Profile...
[07:08:09 4/5/2026] 🔘 Phát hiện banner Chuyển trực tiếp trên trang. Đang thực hiện chuyển đổi...
[07:08:09 4/5/2026] 🔄 Click nút Switch Now (Lần 1)...
[07:08:14 4/5/2026] 🔘 Bấm xác nhận trong Dialog chuyển đổi...
[07:08:24 4/5/2026] ✅ Đã thực hiện các bước chuyển đổi từ banner.
[07:08:24 4/5/2026] 🔄 Chuyển Profile hoàn tất. Truy cập lại URL để làm mới giao diện...
[07:08:30 4/5/2026] 🔍 Đang tìm ô soạn thảo...
[07:08:33 4/5/2026] 🔘 Đã tìm thấy ô soạn thảo. Đang click...
[07:08:33 4/5/2026] ⏳ Đợi bảng soạn thảo tải xong...
[07:08:35 4/5/2026] 🖼️ Tải 1 ảnh...
[07:08:43 4/5/2026] ✍️ Nhập nội dung...
[07:08:45 4/5/2026] 🔘 Tiến hành đăng bài...
[07:08:46 4/5/2026] 🔘 Bấm nút Tiếp...
[07:08:53 4/5/2026] 🔘 Bấm nút Đăng cuối cùng (Multi-trigger)...
[07:09:10 4/5/2026] ✅ THÀNH CÔNG!
[07:09:10 4/5/2026] ⏳ Nghỉ 69s...
[07:10:19 4/5/2026] 
📝 Đang đăng bài: final_seamless_3
[07:10:19 4/5/2026] 🔗 Truy cập: https://www.facebook.com
[07:10:27 4/5/2026] 🔄 Đang kiểm tra tư cách người dùng hiện tại...
[07:10:27 4/5/2026] 🔄 Phát hiện đang ở tư cách Fanpage. Chuyển ngược về Profile cá nhân...
[07:10:27 4/5/2026] 🔄 Kiểm tra yêu cầu chuyển Profile...
[07:10:27 4/5/2026] 🔍 Thử tìm nút Switch qua Menu tài khoản (Lần 1)...
[07:10:27 4/5/2026] 🔍 Tìm kiếm Account Menu...
[07:10:27 4/5/2026] 🔘 Đã tìm thấy Account Menu. Đang click...
[07:10:31 4/5/2026] 🔘 Đã tìm thấy "See all profiles". Đang click...
[07:10:35 4/5/2026] 🔍 Đang tìm Profile chưa được chọn (về cá nhân)...
[07:10:35 4/5/2026] ⚠️ Không thấy Profile "null" trong danh sách.
[07:10:38 4/5/2026] 🔍 Thử tìm nút Switch qua Menu tài khoản (Lần 2)...
[07:10:38 4/5/2026] 🔍 Tìm kiếm Account Menu...
[07:10:38 4/5/2026] 🔘 Đã tìm thấy Account Menu. Đang click...
[07:10:42 4/5/2026] 🔘 Đã tìm thấy "See all profiles". Đang click...
[07:10:46 4/5/2026] 🔍 Đang tìm Profile chưa được chọn (về cá nhân)...
[07:10:46 4/5/2026] ⚠️ Không thấy Profile "null" trong danh sách.
[07:10:50 4/5/2026] 🔍 Thử tìm nút Switch qua Menu tài khoản (Lần 3)...
[07:10:50 4/5/2026] 🔍 Tìm kiếm Account Menu...
[07:10:50 4/5/2026] 🔘 Đã tìm thấy Account Menu. Đang click...
[07:10:54 4/5/2026] 🔘 Đã tìm thấy "See all profiles". Đang click...
[07:10:58 4/5/2026] 🔍 Đang tìm Profile chưa được chọn (về cá nhân)...
[07:10:58 4/5/2026] ⚠️ Không thấy Profile "null" trong danh sách.
[07:11:01 4/5/2026] ⚠️ Không tìm thấy nút chuyển Profile nào.
[07:11:01 4/5/2026] 🔍 Đang tìm ô soạn thảo...
[07:11:03 4/5/2026] 🔘 Đã tìm thấy ô soạn thảo. Đang click...
[07:11:03 4/5/2026] ⏳ Đợi bảng soạn thảo tải xong...
[07:11:06 4/5/2026] 🖼️ Tải 1 ảnh...
[07:11:14 4/5/2026] ✍️ Nhập nội dung...
[07:11:16 4/5/2026] 🔘 Tiến hành đăng bài...
[07:11:16 4/5/2026] 🔘 Bấm nút Tiếp...
[07:11:23 4/5/2026] 🔘 Bấm nút Đăng cuối cùng (Multi-trigger)...
[07:11:40 4/5/2026] ✅ THÀNH CÔNG!
[07:11:40 4/5/2026] 🏁 Kết thúc.
[08:25:57 4/5/2026] 🚀 Bắt đầu POST bài (Tổng: 3)...
[08:25:58 4/5/2026] 
📝 Đang đăng bài: final_test_1_profile
[08:25:58 4/5/2026] 🔗 Truy cập: https://www.facebook.com
[08:26:06 4/5/2026] 🔄 Đang kiểm tra tư cách người dùng hiện tại...
[08:26:06 4/5/2026] ✅ Đang ở tư cách Profile cá nhân.
[08:26:06 4/5/2026] 🔍 Đang tìm ô soạn thảo...
[08:26:08 4/5/2026] 🔘 Đã tìm thấy ô soạn thảo. Đang click...
[08:26:08 4/5/2026] ⏳ Đợi bảng soạn thảo tải xong...
[08:26:11 4/5/2026] 🖼️ Tải 1 ảnh...
[08:26:19 4/5/2026] ✍️ Nhập nội dung...
[08:26:21 4/5/2026] 🔘 Tiến hành đăng bài...
[08:26:23 4/5/2026] 🔘 Bấm nút Đăng cuối cùng (Multi-trigger)...
[08:26:40 4/5/2026] ✅ THÀNH CÔNG!
[08:26:40 4/5/2026] ⏳ Nghỉ 71s...
[08:27:52 4/5/2026] 
📝 Đang đăng bài: final_test_2_page
[08:27:52 4/5/2026] 🔗 Truy cập: https://www.facebook.com/61588688891696
[08:27:58 4/5/2026] 🔄 Đang kiểm tra chuyển sang Profile Fanpage...
[08:27:58 4/5/2026] 📌 Tên đích nhận diện được: VietNguyen-AI
[08:27:58 4/5/2026] 🔄 Kiểm tra yêu cầu chuyển Profile...
[08:27:58 4/5/2026] 🔘 Phát hiện banner Chuyển trực tiếp trên trang. Đang thực hiện chuyển đổi...
[08:27:58 4/5/2026] 🔄 Click nút Switch Now (Lần 1)...
[08:28:04 4/5/2026] 🔘 Bấm xác nhận trong Dialog chuyển đổi...
[08:28:14 4/5/2026] ✅ Đã thực hiện các bước chuyển đổi từ banner.
[08:28:14 4/5/2026] 🔄 Chuyển Profile hoàn tất. Truy cập lại URL để làm mới giao diện...
[08:28:20 4/5/2026] 🔍 Đang tìm ô soạn thảo...
[08:28:22 4/5/2026] 🔘 Đã tìm thấy ô soạn thảo. Đang click...
[08:28:22 4/5/2026] ⏳ Đợi bảng soạn thảo tải xong...
[08:28:25 4/5/2026] 🖼️ Tải 1 ảnh...
[08:28:33 4/5/2026] ✍️ Nhập nội dung...
[08:28:35 4/5/2026] 🔘 Tiến hành đăng bài...
[08:28:35 4/5/2026] 🔘 Bấm nút Tiếp...
[08:28:42 4/5/2026] 🔘 Bấm nút Đăng cuối cùng (Multi-trigger)...
[08:28:59 4/5/2026] ✅ THÀNH CÔNG!
[08:28:59 4/5/2026] ⏳ Nghỉ 79s...
[08:30:19 4/5/2026] 
📝 Đang đăng bài: final_test_3_profile
[08:30:19 4/5/2026] 🔗 Truy cập: https://www.facebook.com
[08:30:26 4/5/2026] 🔄 Đang kiểm tra tư cách người dùng hiện tại...
[08:30:26 4/5/2026] 🔄 Phát hiện đang ở tư cách Fanpage. Chuyển ngược về Profile cá nhân...
[08:30:26 4/5/2026] 🔄 Kiểm tra yêu cầu chuyển Profile...
[08:30:26 4/5/2026] 🔍 Thử tìm nút Switch qua Menu tài khoản (Lần 1)...
[08:30:26 4/5/2026] 🔍 Tìm kiếm Account Menu...
[08:30:26 4/5/2026] 🔘 Đã tìm thấy Account Menu. Đang click...
[08:30:30 4/5/2026] 🔘 Đã tìm thấy "See all profiles". Đang click...
[08:30:34 4/5/2026] 🔍 Đang tìm Profile chưa được chọn (về cá nhân)...
[08:30:35 4/5/2026] ⚠️ Không thấy Profile cá nhân trong danh sách.
[08:30:38 4/5/2026] 🔍 Thử tìm nút Switch qua Menu tài khoản (Lần 2)...
[08:30:38 4/5/2026] 🔍 Tìm kiếm Account Menu...
[08:30:38 4/5/2026] 🔘 Đã tìm thấy Account Menu. Đang click...
[08:30:42 4/5/2026] 🔘 Đã tìm thấy "See all profiles". Đang click...
[08:30:46 4/5/2026] 🔍 Đang tìm Profile chưa được chọn (về cá nhân)...
[08:30:46 4/5/2026] ⚠️ Không thấy Profile cá nhân trong danh sách.
[08:30:49 4/5/2026] 🔍 Thử tìm nút Switch qua Menu tài khoản (Lần 3)...
[08:30:49 4/5/2026] 🔍 Tìm kiếm Account Menu...
[08:30:49 4/5/2026] 🔘 Đã tìm thấy Account Menu. Đang click...
[08:30:53 4/5/2026] 🔘 Đã tìm thấy "See all profiles". Đang click...
[08:30:57 4/5/2026] 🔍 Đang tìm Profile chưa được chọn (về cá nhân)...
[08:30:57 4/5/2026] ⚠️ Không thấy Profile cá nhân trong danh sách.
[08:31:00 4/5/2026] ⚠️ Không tìm thấy nút chuyển Profile nào.
[08:31:00 4/5/2026] 🔍 Đang tìm ô soạn thảo...
[08:31:02 4/5/2026] 🔘 Đã tìm thấy ô soạn thảo. Đang click...
[08:31:02 4/5/2026] ⏳ Đợi bảng soạn thảo tải xong...
[08:31:05 4/5/2026] 🖼️ Tải 1 ảnh...
[08:31:13 4/5/2026] ✍️ Nhập nội dung...
[08:31:15 4/5/2026] 🔘 Tiến hành đăng bài...
[08:31:15 4/5/2026] 🔘 Bấm nút Tiếp...
[08:31:22 4/5/2026] 🔘 Bấm nút Đăng cuối cùng (Multi-trigger)...
[08:31:39 4/5/2026] ✅ THÀNH CÔNG!
[08:31:40 4/5/2026] 🏁 Kết thúc.
[08:34:21 4/5/2026] 🚀 Bắt đầu POST bài (Tổng: 3)...
[08:34:23 4/5/2026] 
📝 Đang đăng bài: final_fix_1_profile
[08:34:23 4/5/2026] 🔗 Truy cập: https://www.facebook.com
[08:34:29 4/5/2026] 🔄 Đang kiểm tra tư cách người dùng hiện tại...
[08:34:29 4/5/2026] ✅ Đang ở tư cách Profile cá nhân.
[08:34:29 4/5/2026] 🔍 Đang tìm ô soạn thảo...
[08:34:32 4/5/2026] 🔘 Đã tìm thấy ô soạn thảo. Đang click...
[08:34:32 4/5/2026] ⏳ Đợi bảng soạn thảo tải xong...
[08:34:34 4/5/2026] 🖼️ Tải 1 ảnh...
[08:34:42 4/5/2026] ✍️ Nhập nội dung...
[08:34:45 4/5/2026] 🔘 Tiến hành đăng bài...
[08:34:47 4/5/2026] 🔘 Bấm nút Đăng cuối cùng (Multi-trigger)...
[08:35:04 4/5/2026] ✅ THÀNH CÔNG!
[08:35:04 4/5/2026] ⏳ Nghỉ 72s...
[08:36:16 4/5/2026] 
📝 Đang đăng bài: final_fix_2_page
[08:36:16 4/5/2026] 🔗 Truy cập: https://www.facebook.com/61588688891696
[08:36:23 4/5/2026] 🔄 Đang kiểm tra chuyển sang Profile Fanpage...
[08:36:23 4/5/2026] 📌 Tên đích nhận diện được: VietNguyen-AI
[08:36:23 4/5/2026] 🔄 Kiểm tra yêu cầu chuyển Profile...
[08:36:23 4/5/2026] 🔘 Phát hiện banner Chuyển trực tiếp trên trang. Đang thực hiện chuyển đổi...
[08:36:23 4/5/2026] 🔄 Click nút Switch Now (Lần 1)...
[08:36:28 4/5/2026] 🔘 Bấm xác nhận trong Dialog chuyển đổi...
[08:36:38 4/5/2026] ✅ Đã thực hiện các bước chuyển đổi từ banner.
[08:36:38 4/5/2026] 🔄 Chuyển Profile hoàn tất. Truy cập lại URL để làm mới giao diện...
[08:36:44 4/5/2026] 🔍 Đang tìm ô soạn thảo...
[08:36:46 4/5/2026] 🔘 Đã tìm thấy ô soạn thảo. Đang click...
[08:36:46 4/5/2026] ⏳ Đợi bảng soạn thảo tải xong...
[08:36:49 4/5/2026] 🖼️ Tải 1 ảnh...
[08:36:57 4/5/2026] ✍️ Nhập nội dung...
[08:36:59 4/5/2026] 🔘 Tiến hành đăng bài...
[08:36:59 4/5/2026] 🔘 Bấm nút Tiếp...
[08:37:06 4/5/2026] 🔘 Bấm nút Đăng cuối cùng (Multi-trigger)...
[08:37:23 4/5/2026] ✅ THÀNH CÔNG!
[08:37:23 4/5/2026] ⏳ Nghỉ 65s...
[08:38:28 4/5/2026] 
📝 Đang đăng bài: final_fix_3_profile
[08:38:28 4/5/2026] 🔗 Truy cập: https://www.facebook.com
[08:38:36 4/5/2026] 🔄 Đang kiểm tra tư cách người dùng hiện tại...
[08:38:36 4/5/2026] 🔄 Phát hiện đang ở tư cách Fanpage. Chuyển ngược về Profile cá nhân...
[08:38:36 4/5/2026] 🔄 Kiểm tra yêu cầu chuyển Profile...
[08:38:36 4/5/2026] 🔍 Thử tìm nút Switch qua Menu tài khoản (Lần 1)...
[08:38:36 4/5/2026] 🔍 Tìm kiếm Account Menu...
[08:38:36 4/5/2026] 🔘 Đã tìm thấy Account Menu. Đang click...
[08:38:40 4/5/2026] 🔘 Đã tìm thấy "See all profiles". Đang click...
[08:38:44 4/5/2026] 🔍 Đang tìm Profile chưa được chọn (về cá nhân)...
[08:38:44 4/5/2026] ⚠️ Không thấy Profile cá nhân trong danh sách. Thử click mục thứ 2...
[08:38:59 4/5/2026] 🔄 Chuyển Profile hoàn tất. Truy cập lại URL để làm mới giao diện...
[08:39:07 4/5/2026] 🔍 Đang tìm ô soạn thảo...
[08:39:09 4/5/2026] 🔘 Đã tìm thấy ô soạn thảo. Đang click...
[08:39:09 4/5/2026] ⏳ Đợi bảng soạn thảo tải xong...
[08:39:12 4/5/2026] 🖼️ Tải 1 ảnh...
[08:39:20 4/5/2026] ✍️ Nhập nội dung...
[08:39:22 4/5/2026] 🔘 Tiến hành đăng bài...
[08:39:22 4/5/2026] 🔘 Bấm nút Tiếp...
[08:39:29 4/5/2026] 🔘 Bấm nút Đăng cuối cùng (Multi-trigger)...
[08:39:47 4/5/2026] ✅ THÀNH CÔNG!
[08:39:47 4/5/2026] 🏁 Kết thúc.
[08:42:06 4/5/2026] 🚀 Bắt đầu POST bài (Tổng: 3)...
[08:42:07 4/5/2026] 
📝 Đang đăng bài: final_script_1_profile
[08:42:07 4/5/2026] 🔗 Truy cập: https://www.facebook.com
[08:42:15 4/5/2026] 🔄 Đang kiểm tra tư cách người dùng hiện tại...
[08:42:15 4/5/2026] ✅ Đang ở tư cách Profile cá nhân.
[08:42:15 4/5/2026] 🔍 Đang tìm ô soạn thảo...
[08:42:17 4/5/2026] 🔘 Đã tìm thấy ô soạn thảo. Đang click...
[08:42:17 4/5/2026] ⏳ Đợi bảng soạn thảo tải xong...
[08:42:20 4/5/2026] 🖼️ Tải 1 ảnh...
[08:42:28 4/5/2026] ✍️ Nhập nội dung...
[08:42:30 4/5/2026] 🔘 Tiến hành đăng bài...
[08:42:32 4/5/2026] 🔘 Bấm nút Đăng cuối cùng (Multi-trigger)...
[08:42:49 4/5/2026] ✅ THÀNH CÔNG!
[08:42:49 4/5/2026] ⏳ Nghỉ 77s...
[08:44:06 4/5/2026] 
📝 Đang đăng bài: final_script_2_page
[08:44:06 4/5/2026] 🔗 Truy cập: https://www.facebook.com/61588688891696
[08:44:13 4/5/2026] 🔄 Đang kiểm tra chuyển sang Profile Fanpage...
[08:44:13 4/5/2026] 📌 Tên đích nhận diện được: VietNguyen-AI
[08:44:13 4/5/2026] 🔄 Kiểm tra yêu cầu chuyển Profile...
[08:44:13 4/5/2026] 🔘 Phát hiện banner Chuyển trực tiếp trên trang. Đang thực hiện chuyển đổi...
[08:44:13 4/5/2026] 🔄 Click nút Switch Now (Lần 1)...
[08:44:18 4/5/2026] 🔘 Bấm xác nhận trong Dialog chuyển đổi...
[08:44:28 4/5/2026] ✅ Đã thực hiện các bước chuyển đổi từ banner.
[08:44:28 4/5/2026] 🔄 Chuyển Profile hoàn tất. Truy cập lại URL để làm mới giao diện...
[08:44:36 4/5/2026] 🔍 Đang tìm ô soạn thảo...
[08:44:38 4/5/2026] 🔘 Đã tìm thấy ô soạn thảo. Đang click...
[08:44:38 4/5/2026] ⏳ Đợi bảng soạn thảo tải xong...
[08:44:41 4/5/2026] 🖼️ Tải 1 ảnh...
[08:44:49 4/5/2026] ✍️ Nhập nội dung...
[08:44:51 4/5/2026] 🔘 Tiến hành đăng bài...
[08:44:51 4/5/2026] 🔘 Bấm nút Tiếp...
[08:44:58 4/5/2026] 🔘 Bấm nút Đăng cuối cùng (Multi-trigger)...
[08:45:15 4/5/2026] ✅ THÀNH CÔNG!
[08:45:15 4/5/2026] ⏳ Nghỉ 70s...
[08:46:25 4/5/2026] 
📝 Đang đăng bài: final_script_3_profile
[08:46:25 4/5/2026] 🔗 Truy cập: https://www.facebook.com
[08:46:34 4/5/2026] 🔄 Đang kiểm tra tư cách người dùng hiện tại...
[08:46:34 4/5/2026] 🔄 Phát hiện đang ở tư cách Fanpage. Chuyển ngược về Profile cá nhân...
[08:46:34 4/5/2026] 🔄 Kiểm tra yêu cầu chuyển Profile...
[08:46:34 4/5/2026] 🔍 Thử tìm nút Switch qua Menu tài khoản (Lần 1)...
[08:46:34 4/5/2026] 🔍 Tìm kiếm Account Menu...
[08:46:34 4/5/2026] 🔘 Đã tìm thấy Account Menu. Đang click...
[08:46:38 4/5/2026] 🔘 Đã tìm thấy "See all profiles". Đang click...
[08:46:42 4/5/2026] 🔍 Đang tìm Profile chưa được chọn (về cá nhân)...
[08:46:42 4/5/2026] ⚠️ Không tìm thấy Profile bằng selector. Thử tìm kiếm chuyên sâu trong danh sách...
[08:46:42 4/5/2026] 🔄 Đã tìm thấy và click chuyển profile qua script.
[08:46:57 4/5/2026] 🔄 Chuyển Profile hoàn tất. Truy cập lại URL để làm mới giao diện...
[08:47:05 4/5/2026] 🔍 Đang tìm ô soạn thảo...
[08:47:08 4/5/2026] 🔘 Đã tìm thấy ô soạn thảo. Đang click...
[08:47:08 4/5/2026] ⏳ Đợi bảng soạn thảo tải xong...
[08:47:11 4/5/2026] 🖼️ Tải 1 ảnh...
[08:47:19 4/5/2026] ✍️ Nhập nội dung...
[08:47:22 4/5/2026] 🔘 Tiến hành đăng bài...
[08:47:22 4/5/2026] 🔘 Bấm nút Tiếp...
[08:47:29 4/5/2026] 🔘 Bấm nút Đăng cuối cùng (Multi-trigger)...
[08:47:46 4/5/2026] ✅ THÀNH CÔNG!
[08:47:46 4/5/2026] 🏁 Kết thúc.
[08:51:35 4/5/2026] 🚀 Bắt đầu POST bài (Tổng: 3)...
[08:51:36 4/5/2026] 
📝 Đang đăng bài: final_mouse_1_profile
[08:51:36 4/5/2026] 🔗 Truy cập: https://www.facebook.com
[08:51:44 4/5/2026] 🔄 Đang kiểm tra tư cách người dùng hiện tại...
[08:51:44 4/5/2026] ✅ Đang ở tư cách Profile cá nhân.
[08:51:44 4/5/2026] 🔍 Đang tìm ô soạn thảo...
[08:51:46 4/5/2026] 🔘 Đã tìm thấy ô soạn thảo. Đang click...
[08:51:46 4/5/2026] ⏳ Đợi bảng soạn thảo tải xong...
[08:51:48 4/5/2026] 🖼️ Tải 1 ảnh...
[08:51:56 4/5/2026] ✍️ Nhập nội dung...
[08:51:59 4/5/2026] 🔘 Tiến hành đăng bài...
[08:52:01 4/5/2026] 🔘 Bấm nút Đăng cuối cùng (Multi-trigger)...
[08:52:18 4/5/2026] ✅ THÀNH CÔNG!
[08:52:18 4/5/2026] ⏳ Nghỉ 70s...
[08:53:28 4/5/2026] 
📝 Đang đăng bài: final_mouse_2_page
[08:53:28 4/5/2026] 🔗 Truy cập: https://www.facebook.com/61588688891696
[08:53:35 4/5/2026] 🔄 Đang kiểm tra chuyển sang Profile Fanpage...
[08:53:35 4/5/2026] 📌 Tên đích nhận diện được: VietNguyen-AI
[08:53:35 4/5/2026] 🔄 Kiểm tra yêu cầu chuyển Profile...
[08:53:35 4/5/2026] 🔘 Phát hiện banner Chuyển trực tiếp trên trang. Đang thực hiện chuyển đổi...
[08:53:35 4/5/2026] 🔄 Click nút Switch Now (Lần 1)...
[08:53:40 4/5/2026] 🔘 Bấm xác nhận trong Dialog chuyển đổi...
[08:53:50 4/5/2026] ✅ Đã thực hiện các bước chuyển đổi từ banner.
[08:53:50 4/5/2026] 🔄 Chuyển Profile hoàn tất. Truy cập lại URL để làm mới giao diện...
[08:53:56 4/5/2026] 🔍 Đang tìm ô soạn thảo...
[08:53:58 4/5/2026] 🔘 Đã tìm thấy ô soạn thảo. Đang click...
[08:53:58 4/5/2026] ⏳ Đợi bảng soạn thảo tải xong...
[08:54:01 4/5/2026] 🖼️ Tải 1 ảnh...
[08:54:09 4/5/2026] ✍️ Nhập nội dung...
[08:54:11 4/5/2026] 🔘 Tiến hành đăng bài...
[08:54:11 4/5/2026] 🔘 Bấm nút Tiếp...
[08:54:18 4/5/2026] 🔘 Bấm nút Đăng cuối cùng (Multi-trigger)...
[08:54:35 4/5/2026] ✅ THÀNH CÔNG!
[08:54:35 4/5/2026] ⏳ Nghỉ 71s...
[08:55:47 4/5/2026] 
📝 Đang đăng bài: final_mouse_3_profile
[08:55:47 4/5/2026] 🔗 Truy cập: https://www.facebook.com
[08:55:55 4/5/2026] 🔄 Đang kiểm tra tư cách người dùng hiện tại...
[08:55:55 4/5/2026] 🔄 Phát hiện đang ở tư cách Fanpage. Chuyển ngược về Profile cá nhân...
[08:55:55 4/5/2026] 🔄 Kiểm tra yêu cầu chuyển Profile...
[08:55:55 4/5/2026] 🔍 Thử tìm nút Switch qua Menu tài khoản (Lần 1)...
[08:55:55 4/5/2026] 🔍 Tìm kiếm Account Menu...
[08:55:55 4/5/2026] 🔘 Đã tìm thấy Account Menu. Đang click...
[08:55:59 4/5/2026] 🔘 Đã tìm thấy "See all profiles". Đang click...
[08:56:03 4/5/2026] 🔍 Đang tìm Profile chưa được chọn (về cá nhân)...
[08:56:03 4/5/2026] ⚠️ Không tìm thấy Profile bằng selector. Thử tìm kiếm tọa độ để click chuột thật...
[08:56:03 4/5/2026] 🎯 Đã xác định tọa độ: 1084, 145. Đang click chuột...
[08:56:23 4/5/2026] 🔄 Chuyển Profile hoàn tất. Truy cập lại URL để làm mới giao diện...
[08:56:35 4/5/2026] 🔍 Đang tìm ô soạn thảo...
[08:56:37 4/5/2026] 🔘 Đã tìm thấy ô soạn thảo. Đang click...
[08:56:37 4/5/2026] ⏳ Đợi bảng soạn thảo tải xong...
[08:56:40 4/5/2026] 🖼️ Tải 1 ảnh...
[08:56:48 4/5/2026] ✍️ Nhập nội dung...
[08:56:50 4/5/2026] 🔘 Tiến hành đăng bài...
[08:56:50 4/5/2026] 🔘 Bấm nút Tiếp...
[08:56:57 4/5/2026] 🔘 Bấm nút Đăng cuối cùng (Multi-trigger)...
[08:57:15 4/5/2026] ✅ THÀNH CÔNG!
[08:57:15 4/5/2026] 🏁 Kết thúc.
[08:58:55 4/5/2026] 🚀 Bắt đầu POST bài (Tổng: 3)...
[08:58:57 4/5/2026] 
📝 Đang đăng bài: strict_test_1_profile
[08:58:57 4/5/2026] 🔗 Truy cập: https://www.facebook.com
[08:59:04 4/5/2026] 🔄 Đang kiểm tra tư cách người dùng hiện tại...
[08:59:04 4/5/2026] ✅ Đang ở tư cách Profile cá nhân.
[08:59:04 4/5/2026] 🔍 Đang tìm ô soạn thảo...
[08:59:06 4/5/2026] 🔘 Đã tìm thấy ô soạn thảo. Đang click...
[08:59:06 4/5/2026] ⏳ Đợi bảng soạn thảo tải xong...
[08:59:09 4/5/2026] 🖼️ Tải 1 ảnh...
[08:59:17 4/5/2026] ✍️ Nhập nội dung...
[08:59:19 4/5/2026] 🔘 Tiến hành đăng bài...
[08:59:21 4/5/2026] 🔘 Bấm nút Đăng cuối cùng (Multi-trigger)...
[08:59:38 4/5/2026] ✅ THÀNH CÔNG!
[08:59:38 4/5/2026] ⏳ Nghỉ 70s...
[09:00:49 4/5/2026] 
📝 Đang đăng bài: strict_test_2_page
[09:00:49 4/5/2026] 🔗 Truy cập: https://www.facebook.com/61588688891696
[09:00:56 4/5/2026] 🔄 Đang kiểm tra chuyển sang Profile Fanpage...
[09:00:56 4/5/2026] 📌 Tên đích nhận diện được: VietNguyen-AI
[09:00:56 4/5/2026] 🔄 Kiểm tra yêu cầu chuyển Profile...
[09:00:56 4/5/2026] 🔘 Phát hiện banner Chuyển trực tiếp trên trang. Đang thực hiện chuyển đổi...
[09:00:56 4/5/2026] 🔄 Click nút Switch Now (Lần 1)...
[09:01:01 4/5/2026] 🔘 Bấm xác nhận trong Dialog chuyển đổi...
[09:01:11 4/5/2026] ✅ Đã thực hiện các bước chuyển đổi từ banner.
[09:01:11 4/5/2026] 🔄 Chuyển Profile hoàn tất. Truy cập lại URL để làm mới giao diện...
[09:01:18 4/5/2026] 🔍 Đang tìm ô soạn thảo...
[09:01:20 4/5/2026] 🔘 Đã tìm thấy ô soạn thảo. Đang click...
[09:01:20 4/5/2026] ⏳ Đợi bảng soạn thảo tải xong...
[09:01:23 4/5/2026] 🖼️ Tải 1 ảnh...
[09:01:31 4/5/2026] ✍️ Nhập nội dung...
[09:01:33 4/5/2026] 🔘 Tiến hành đăng bài...
[09:01:33 4/5/2026] 🔘 Bấm nút Tiếp...
[09:01:40 4/5/2026] 🔘 Bấm nút Đăng cuối cùng (Multi-trigger)...
[09:01:57 4/5/2026] ✅ THÀNH CÔNG!
[09:01:57 4/5/2026] ⏳ Nghỉ 60s...
[09:02:58 4/5/2026] 
📝 Đang đăng bài: strict_test_3_profile
[09:02:58 4/5/2026] 🔗 Truy cập: https://www.facebook.com
[09:03:06 4/5/2026] 🔄 Đang kiểm tra tư cách người dùng hiện tại...
[09:03:06 4/5/2026] 🔄 Phát hiện đang ở tư cách Fanpage. Chuyển ngược về Profile cá nhân...
[09:03:06 4/5/2026] 🔄 Kiểm tra yêu cầu chuyển Profile...
[09:03:06 4/5/2026] 🔍 Thử tìm nút Switch qua Menu tài khoản (Lần 1)...
[09:03:06 4/5/2026] 🔍 Tìm kiếm Account Menu...
[09:03:06 4/5/2026] 🔘 Đã tìm thấy Account Menu. Đang click...
[09:03:10 4/5/2026] 🔘 Đã tìm thấy "See all profiles". Đang click...
[09:03:14 4/5/2026] 🔍 Đang tìm Profile chưa được chọn (về cá nhân)...
[09:03:14 4/5/2026] ⚠️ Không tìm thấy Profile bằng selector. Thử tìm kiếm mục không có dấu tích xanh...
[09:03:14 4/5/2026] 🎯 Đã xác định tọa độ mục tiêu (không tích xanh): 1244, 28. Đang click...
[09:03:34 4/5/2026] ❌ Cảnh báo: Vẫn đang ở chế độ Fanpage sau khi click. Thử lại quy trình...
[09:03:37 4/5/2026] 🔍 Thử tìm nút Switch qua Menu tài khoản (Lần 2)...
[09:03:37 4/5/2026] 🔍 Tìm kiếm Account Menu...
[09:03:37 4/5/2026] 🔘 Đã tìm thấy Account Menu. Đang click...
[09:03:41 4/5/2026] 🔘 Đã tìm thấy "See all profiles". Đang click...
[09:03:45 4/5/2026] 🔍 Đang tìm Profile chưa được chọn (về cá nhân)...
[09:03:45 4/5/2026] ⚠️ Không tìm thấy Profile bằng selector. Thử tìm kiếm mục không có dấu tích xanh...
[09:03:45 4/5/2026] 🎯 Đã xác định tọa độ mục tiêu (không tích xanh): 1244, 28. Đang click...
[09:04:05 4/5/2026] ❌ Cảnh báo: Vẫn đang ở chế độ Fanpage sau khi click. Thử lại quy trình...
[09:04:08 4/5/2026] 🔍 Thử tìm nút Switch qua Menu tài khoản (Lần 3)...
[09:04:08 4/5/2026] 🔍 Tìm kiếm Account Menu...
[09:04:08 4/5/2026] 🔘 Đã tìm thấy Account Menu. Đang click...
[09:04:12 4/5/2026] 🔘 Đã tìm thấy "See all profiles". Đang click...
[09:04:16 4/5/2026] 🔍 Đang tìm Profile chưa được chọn (về cá nhân)...
[09:04:16 4/5/2026] ⚠️ Không tìm thấy Profile bằng selector. Thử tìm kiếm mục không có dấu tích xanh...
[09:04:16 4/5/2026] 🎯 Đã xác định tọa độ mục tiêu (không tích xanh): 1244, 28. Đang click...
[09:04:36 4/5/2026] ❌ Cảnh báo: Vẫn đang ở chế độ Fanpage sau khi click. Thử lại quy trình...
[09:04:39 4/5/2026] ⚠️ Không tìm thấy nút chuyển Profile nào.
[09:04:39 4/5/2026] 🔍 Đang tìm ô soạn thảo...
[09:04:41 4/5/2026] 🔘 Đã tìm thấy ô soạn thảo. Đang click...
[09:04:42 4/5/2026] ⏳ Đợi bảng soạn thảo tải xong...
[09:04:44 4/5/2026] 🖼️ Tải 1 ảnh...
[09:04:52 4/5/2026] ✍️ Nhập nội dung...
[09:04:54 4/5/2026] 🔘 Tiến hành đăng bài...
[09:04:54 4/5/2026] 🔘 Bấm nút Tiếp...
[09:05:02 4/5/2026] 🔘 Bấm nút Đăng cuối cùng (Multi-trigger)...
[09:05:19 4/5/2026] ✅ THÀNH CÔNG!
[09:05:19 4/5/2026] 🏁 Kết thúc.
[09:08:56 4/5/2026] 🚀 Bắt đầu POST bài (Tổng: 3)...
[09:08:58 4/5/2026] 
📝 Đang đăng bài: safety_test_1_profile
[09:08:58 4/5/2026] 🔗 Truy cập: https://www.facebook.com
[09:09:05 4/5/2026] 🔄 Đang kiểm tra tư cách người dùng hiện tại...
[09:09:05 4/5/2026] ✅ Đang ở tư cách Profile cá nhân.
[09:09:05 4/5/2026] 🔍 Đang tìm ô soạn thảo...
[09:09:07 4/5/2026] 🔘 Đã tìm thấy ô soạn thảo. Đang click...
[09:09:07 4/5/2026] ⏳ Đợi bảng soạn thảo tải xong...
[09:09:10 4/5/2026] 🖼️ Tải 1 ảnh...
[09:09:18 4/5/2026] ✍️ Nhập nội dung...
[09:09:20 4/5/2026] 🔘 Tiến hành đăng bài...
[09:09:22 4/5/2026] 🔘 Bấm nút Đăng cuối cùng (Multi-trigger)...
[09:09:39 4/5/2026] ✅ THÀNH CÔNG!
[09:09:39 4/5/2026] ⏳ Nghỉ 64s...
[09:10:44 4/5/2026] 
📝 Đang đăng bài: safety_test_2_page
[09:10:44 4/5/2026] 🔗 Truy cập: https://www.facebook.com/61588688891696
[09:10:50 4/5/2026] 🔄 Đang kiểm tra chuyển sang Profile Fanpage...
[09:10:50 4/5/2026] 📌 Tên đích nhận diện được: VietNguyen-AI
[09:10:50 4/5/2026] 🔄 Kiểm tra yêu cầu chuyển Profile...
[09:10:50 4/5/2026] 🔘 Phát hiện banner Chuyển trực tiếp trên trang. Đang thực hiện chuyển đổi...
[09:10:50 4/5/2026] 🔄 Click nút Switch Now (Lần 1)...
[09:10:56 4/5/2026] 🔘 Bấm xác nhận trong Dialog chuyển đổi...
[09:11:06 4/5/2026] ✅ Đã thực hiện các bước chuyển đổi từ banner.
[09:11:06 4/5/2026] 🔄 Chuyển Profile hoàn tất. Truy cập lại URL để làm mới giao diện...
[09:11:12 4/5/2026] 🔍 Đang tìm ô soạn thảo...
[09:11:14 4/5/2026] 🔘 Đã tìm thấy ô soạn thảo. Đang click...
[09:11:14 4/5/2026] ⏳ Đợi bảng soạn thảo tải xong...
[09:11:17 4/5/2026] 🖼️ Tải 1 ảnh...
[09:11:25 4/5/2026] ✍️ Nhập nội dung...
[09:11:27 4/5/2026] 🔘 Tiến hành đăng bài...
[09:11:27 4/5/2026] 🔘 Bấm nút Tiếp...
[09:11:34 4/5/2026] 🔘 Bấm nút Đăng cuối cùng (Multi-trigger)...
[09:11:51 4/5/2026] ✅ THÀNH CÔNG!
[09:11:51 4/5/2026] ⏳ Nghỉ 77s...
[09:13:09 4/5/2026] 
📝 Đang đăng bài: safety_test_3_profile
[09:13:09 4/5/2026] 🔗 Truy cập: https://www.facebook.com
[09:13:16 4/5/2026] 🔄 Đang kiểm tra tư cách người dùng hiện tại...
[09:13:16 4/5/2026] 🔄 Phát hiện đang ở tư cách Fanpage. Chuyển ngược về Profile cá nhân...
[09:13:16 4/5/2026] 🔄 Kiểm tra yêu cầu chuyển Profile...
[09:13:16 4/5/2026] 🔍 Thử tìm nút Switch qua Menu tài khoản (Lần 1)...
[09:13:16 4/5/2026] 🔍 Tìm kiếm Account Menu...
[09:13:16 4/5/2026] 🔘 Đã tìm thấy Account Menu. Đang click...
[09:13:20 4/5/2026] 🔘 Đã tìm thấy "See all profiles". Đang click...
[09:13:25 4/5/2026] 🔍 Đang quét danh sách Profile (không tích xanh)...
[09:13:25 4/5/2026] 🎯 Click tọa độ mục tiêu: 1084, 145
[09:13:47 4/5/2026] 🔍 Thử tìm nút Switch qua Menu tài khoản (Lần 2)...
[09:13:47 4/5/2026] 🔍 Tìm kiếm Account Menu...
[09:13:47 4/5/2026] 🔘 Đã tìm thấy Account Menu. Đang click...
[09:13:51 4/5/2026] 🔘 Đã tìm thấy "See all profiles". Đang click...
[09:13:56 4/5/2026] 🔍 Đang quét danh sách Profile (không tích xanh)...
[09:13:56 4/5/2026] 🎯 Click tọa độ mục tiêu: 1084, 145
[09:14:18 4/5/2026] 🔍 Thử tìm nút Switch qua Menu tài khoản (Lần 3)...
[09:14:18 4/5/2026] 🔍 Tìm kiếm Account Menu...
[09:14:18 4/5/2026] 🔘 Đã tìm thấy Account Menu. Đang click...
[09:14:22 4/5/2026] 🔘 Đã tìm thấy "See all profiles". Đang click...
[09:14:27 4/5/2026] 🔍 Đang quét danh sách Profile (không tích xanh)...
[09:14:27 4/5/2026] 🎯 Click tọa độ mục tiêu: 1084, 145
[09:14:50 4/5/2026] ❌ LỖI: ❌ KHÔNG THỂ QUAY VỀ PROFILE CÁ NHÂN. Dừng để tránh đăng nhầm.
[09:14:50 4/5/2026] 🏁 Kết thúc.
[09:16:58 4/5/2026] 🚀 Bắt đầu POST bài (Tổng: 3)...
[09:17:00 4/5/2026] 
📝 Đang đăng bài: multi_click_1_profile
[09:17:00 4/5/2026] 🔗 Truy cập: https://www.facebook.com
[09:17:07 4/5/2026] 🔄 Đang kiểm tra tư cách người dùng hiện tại...
[09:17:07 4/5/2026] ✅ Đang ở tư cách Profile cá nhân.
[09:17:07 4/5/2026] 🔍 Đang tìm ô soạn thảo...
[09:17:09 4/5/2026] 🔘 Đã tìm thấy ô soạn thảo. Đang click...
[09:17:09 4/5/2026] ⏳ Đợi bảng soạn thảo tải xong...
[09:17:12 4/5/2026] 🖼️ Tải 1 ảnh...
[09:17:20 4/5/2026] ✍️ Nhập nội dung...
[09:17:22 4/5/2026] 🔘 Tiến hành đăng bài...
[09:17:24 4/5/2026] 🔘 Bấm nút Đăng cuối cùng (Multi-trigger)...
[09:17:41 4/5/2026] ✅ THÀNH CÔNG!
[09:17:41 4/5/2026] ⏳ Nghỉ 75s...
[09:18:56 4/5/2026] 
📝 Đang đăng bài: multi_click_2_page
[09:18:56 4/5/2026] 🔗 Truy cập: https://www.facebook.com/61588688891696
[09:19:03 4/5/2026] 🔄 Đang kiểm tra chuyển sang Profile Fanpage...
[09:19:03 4/5/2026] 📌 Tên đích nhận diện được: VietNguyen-AI
[09:19:03 4/5/2026] 🔄 Kiểm tra yêu cầu chuyển Profile...
[09:19:03 4/5/2026] 🔘 Phát hiện banner Chuyển trực tiếp trên trang. Đang thực hiện chuyển đổi...
[09:19:03 4/5/2026] 🔄 Click nút Switch Now (Lần 1)...
[09:19:08 4/5/2026] 🔘 Bấm xác nhận trong Dialog chuyển đổi...
[09:19:18 4/5/2026] ✅ Đã thực hiện các bước chuyển đổi từ banner.
[09:19:18 4/5/2026] 🔄 Chuyển Profile hoàn tất. Truy cập lại URL để làm mới giao diện...
[09:19:25 4/5/2026] 🔍 Đang tìm ô soạn thảo...
[09:19:27 4/5/2026] 🔘 Đã tìm thấy ô soạn thảo. Đang click...
[09:19:27 4/5/2026] ⏳ Đợi bảng soạn thảo tải xong...
[09:19:29 4/5/2026] 🖼️ Tải 1 ảnh...
[09:19:37 4/5/2026] ✍️ Nhập nội dung...
[09:19:40 4/5/2026] 🔘 Tiến hành đăng bài...
[09:19:40 4/5/2026] 🔘 Bấm nút Tiếp...
[09:19:47 4/5/2026] 🔘 Bấm nút Đăng cuối cùng (Multi-trigger)...
[09:20:04 4/5/2026] ✅ THÀNH CÔNG!
[09:20:04 4/5/2026] ⏳ Nghỉ 74s...
[09:21:18 4/5/2026] 
📝 Đang đăng bài: multi_click_3_profile
[09:21:18 4/5/2026] 🔗 Truy cập: https://www.facebook.com
[09:21:26 4/5/2026] 🔄 Đang kiểm tra tư cách người dùng hiện tại...
[09:21:26 4/5/2026] 🔄 Phát hiện đang ở tư cách Fanpage. Chuyển ngược về Profile cá nhân...
[09:21:26 4/5/2026] 🔄 Kiểm tra yêu cầu chuyển Profile...
[09:21:26 4/5/2026] 🔍 Thử tìm nút Switch qua Menu tài khoản (Lần 1)...
[09:21:26 4/5/2026] 🔍 Tìm kiếm Account Menu...
[09:21:26 4/5/2026] 🔘 Đã tìm thấy Account Menu. Đang click...
[09:21:30 4/5/2026] 🔘 Đã tìm thấy "See all profiles". Đang click...
[09:21:35 4/5/2026] 🔍 Đang quét danh sách Profile (không tích xanh)...
[09:21:35 4/5/2026] 🎯 Click liên hoàn tọa độ mục tiêu: 1084, 145
[09:21:53 4/5/2026] 🔍 Thử tìm nút Switch qua Menu tài khoản (Lần 2)...
[09:21:53 4/5/2026] 🔍 Tìm kiếm Account Menu...
[09:21:53 4/5/2026] 🔘 Đã tìm thấy Account Menu. Đang click...
[09:21:57 4/5/2026] 🔘 Đã tìm thấy "See all profiles". Đang click...
[09:22:02 4/5/2026] 🔍 Đang quét danh sách Profile (không tích xanh)...
[09:22:02 4/5/2026] 🎯 Click liên hoàn tọa độ mục tiêu: 1084, 145
[09:22:19 4/5/2026] 🔍 Thử tìm nút Switch qua Menu tài khoản (Lần 3)...
[09:22:19 4/5/2026] 🔍 Tìm kiếm Account Menu...
[09:22:19 4/5/2026] 🔘 Đã tìm thấy Account Menu. Đang click...
[09:22:23 4/5/2026] 🔘 Đã tìm thấy "See all profiles". Đang click...
[09:22:28 4/5/2026] 🔍 Đang quét danh sách Profile (không tích xanh)...
[09:22:28 4/5/2026] 🎯 Click liên hoàn tọa độ mục tiêu: 1084, 145
[09:22:46 4/5/2026] ❌ LỖI: ❌ KHÔNG THỂ QUAY VỀ PROFILE CÁ NHÂN. Dừng để tránh đăng nhầm.
[09:22:46 4/5/2026] 🏁 Kết thúc.
[09:25:42 4/5/2026] 🚀 Bắt đầu POST bài (Tổng: 3)...
[09:25:44 4/5/2026] 
📝 Đang đăng bài: exclude_test_1_profile
[09:25:44 4/5/2026] 🔗 Truy cập: https://www.facebook.com
[09:25:50 4/5/2026] 🔄 Đang kiểm tra tư cách người dùng hiện tại...
[09:25:50 4/5/2026] ✅ Đang ở tư cách Profile cá nhân.
[09:25:50 4/5/2026] 🔍 Đang tìm ô soạn thảo...
[09:25:52 4/5/2026] 🔘 Đã tìm thấy ô soạn thảo. Đang click...
[09:25:53 4/5/2026] ⏳ Đợi bảng soạn thảo tải xong...
[09:25:55 4/5/2026] 🖼️ Tải 1 ảnh...
[09:26:03 4/5/2026] ✍️ Nhập nội dung...
[09:26:05 4/5/2026] 🔘 Tiến hành đăng bài...
[09:26:07 4/5/2026] 🔘 Bấm nút Đăng cuối cùng (Multi-trigger)...
[09:26:25 4/5/2026] ✅ THÀNH CÔNG!
[09:26:25 4/5/2026] ⏳ Nghỉ 64s...
[09:27:30 4/5/2026] 
📝 Đang đăng bài: exclude_test_2_page
[09:27:30 4/5/2026] 🔗 Truy cập: https://www.facebook.com/61588688891696
[09:27:36 4/5/2026] 🔄 Đang kiểm tra chuyển sang Profile Fanpage...
[09:27:36 4/5/2026] 📌 Tên đích nhận diện được: VietNguyen-AI
[09:27:36 4/5/2026] 🔄 Kiểm tra yêu cầu chuyển Profile...
[09:27:36 4/5/2026] 🔘 Phát hiện banner Chuyển trực tiếp trên trang. Đang thực hiện chuyển đổi...
[09:27:36 4/5/2026] 🔄 Click nút Switch Now (Lần 1)...
[09:27:41 4/5/2026] 🔘 Bấm xác nhận trong Dialog chuyển đổi...
[09:27:51 4/5/2026] ✅ Đã thực hiện các bước chuyển đổi từ banner.
[09:27:51 4/5/2026] 🔄 Chuyển Profile hoàn tất. Truy cập lại URL để làm mới giao diện...
[09:27:58 4/5/2026] 🔍 Đang tìm ô soạn thảo...
[09:28:00 4/5/2026] 🔘 Đã tìm thấy ô soạn thảo. Đang click...
[09:28:00 4/5/2026] ⏳ Đợi bảng soạn thảo tải xong...
[09:28:02 4/5/2026] 🖼️ Tải 1 ảnh...
[09:28:11 4/5/2026] ✍️ Nhập nội dung...
[09:28:13 4/5/2026] 🔘 Tiến hành đăng bài...
[09:28:13 4/5/2026] 🔘 Bấm nút Tiếp...
[09:28:20 4/5/2026] 🔘 Bấm nút Đăng cuối cùng (Multi-trigger)...
[09:28:37 4/5/2026] ✅ THÀNH CÔNG!
[09:28:37 4/5/2026] ⏳ Nghỉ 65s...
[09:29:42 4/5/2026] 
📝 Đang đăng bài: exclude_test_3_profile
[09:29:42 4/5/2026] 🔗 Truy cập: https://www.facebook.com
[09:29:50 4/5/2026] 🔄 Đang kiểm tra tư cách người dùng hiện tại...
[09:29:50 4/5/2026] 🔄 Phát hiện đang ở tư cách Fanpage. Chuyển ngược về Profile cá nhân...
[09:29:50 4/5/2026] 🔄 Kiểm tra yêu cầu chuyển Profile...
[09:29:50 4/5/2026] 🔍 Thử tìm nút Switch qua Menu tài khoản (Lần 1)...
[09:29:50 4/5/2026] 🔍 Tìm kiếm Account Menu...
[09:29:50 4/5/2026] 🔘 Đã tìm thấy Account Menu. Đang click...
[09:29:54 4/5/2026] 👤 Tài khoản hiện tại đang dùng: ""
[09:29:54 4/5/2026] 🔘 Đã tìm thấy "See all profiles". Đang click...
[09:29:59 4/5/2026] 🔍 Đang quét danh sách Profile (Loại trừ: "")...
[09:30:01 4/5/2026] 🔍 Thử tìm nút Switch qua Menu tài khoản (Lần 2)...
[09:30:01 4/5/2026] 🔍 Tìm kiếm Account Menu...
[09:30:01 4/5/2026] 🔘 Đã tìm thấy Account Menu. Đang click...
[09:30:05 4/5/2026] 👤 Tài khoản hiện tại đang dùng: ""
[09:30:05 4/5/2026] 🔘 Đã tìm thấy "See all profiles". Đang click...
[09:30:10 4/5/2026] 🔍 Đang quét danh sách Profile (Loại trừ: "")...
[09:30:12 4/5/2026] 🔍 Thử tìm nút Switch qua Menu tài khoản (Lần 3)...
[09:30:12 4/5/2026] 🔍 Tìm kiếm Account Menu...
[09:30:12 4/5/2026] 🔘 Đã tìm thấy Account Menu. Đang click...
[09:30:16 4/5/2026] 👤 Tài khoản hiện tại đang dùng: ""
[09:30:16 4/5/2026] 🔘 Đã tìm thấy "See all profiles". Đang click...
[09:30:22 4/5/2026] 🔍 Đang quét danh sách Profile (Loại trừ: "")...
[09:30:24 4/5/2026] ❌ LỖI: ❌ KHÔNG THỂ QUAY VỀ PROFILE CÁ NHÂN. Dừng để tránh đăng nhầm.
[09:30:24 4/5/2026] 🏁 Kết thúc.
[09:32:53 4/5/2026] 🚀 Bắt đầu POST bài (Tổng: 3)...
[09:32:54 4/5/2026] 
📝 Đang đăng bài: memory_test_1_profile
[09:32:54 4/5/2026] 🔗 Truy cập: https://www.facebook.com
[09:33:01 4/5/2026] 🔄 Đang kiểm tra tư cách người dùng hiện tại...
[09:33:01 4/5/2026] ✅ Đang ở tư cách Profile cá nhân.
[09:33:01 4/5/2026] 🔍 Đang tìm ô soạn thảo...
[09:33:03 4/5/2026] 🔘 Đã tìm thấy ô soạn thảo. Đang click...
[09:33:03 4/5/2026] ⏳ Đợi bảng soạn thảo tải xong...
[09:33:06 4/5/2026] 🖼️ Tải 1 ảnh...
[09:33:14 4/5/2026] ✍️ Nhập nội dung...
[09:33:16 4/5/2026] 🔘 Tiến hành đăng bài...
[09:33:18 4/5/2026] 🔘 Bấm nút Đăng cuối cùng (Multi-trigger)...
[09:33:35 4/5/2026] ✅ THÀNH CÔNG!
[09:33:35 4/5/2026] ⏳ Nghỉ 78s...
[09:34:54 4/5/2026] 
📝 Đang đăng bài: memory_test_2_page
[09:34:54 4/5/2026] 🔗 Truy cập: https://www.facebook.com/61588688891696
[09:35:01 4/5/2026] 🔄 Đang kiểm tra chuyển sang Profile Fanpage...
[09:35:01 4/5/2026] 📌 Tên đích nhận diện được: VietNguyen-AI
[09:35:01 4/5/2026] 🔄 Kiểm tra yêu cầu chuyển Profile...
[09:35:01 4/5/2026] 🔘 Phát hiện banner Chuyển trực tiếp trên trang. Đang thực hiện chuyển đổi...
[09:35:01 4/5/2026] 🔄 Click nút Switch Now (Lần 1)...
[09:35:06 4/5/2026] 🔘 Bấm xác nhận trong Dialog chuyển đổi...
[09:35:16 4/5/2026] ✅ Đã thực hiện các bước chuyển đổi từ banner.
[09:35:16 4/5/2026] 🔄 Chuyển Profile hoàn tất. Truy cập lại URL để làm mới giao diện...
[09:35:22 4/5/2026] 🔍 Đang tìm ô soạn thảo...
[09:35:24 4/5/2026] 🔘 Đã tìm thấy ô soạn thảo. Đang click...
[09:35:24 4/5/2026] ⏳ Đợi bảng soạn thảo tải xong...
[09:35:27 4/5/2026] 🖼️ Tải 1 ảnh...
[09:35:35 4/5/2026] ✍️ Nhập nội dung...
[09:35:37 4/5/2026] 🔘 Tiến hành đăng bài...
[09:35:37 4/5/2026] 🔘 Bấm nút Tiếp...
[09:35:44 4/5/2026] 🔘 Bấm nút Đăng cuối cùng (Multi-trigger)...
[09:36:01 4/5/2026] ✅ THÀNH CÔNG!
[09:36:01 4/5/2026] ⏳ Nghỉ 78s...
[09:37:20 4/5/2026] 
📝 Đang đăng bài: memory_test_3_profile
[09:37:20 4/5/2026] 🔗 Truy cập: https://www.facebook.com
[09:37:33 4/5/2026] 🔄 Đang kiểm tra tư cách người dùng hiện tại...
[09:37:33 4/5/2026] 🔄 Phát hiện đang ở tư cách Fanpage. Chuyển ngược về Profile cá nhân...
[09:37:33 4/5/2026] 🔄 Kiểm tra yêu cầu chuyển Profile...
[09:37:33 4/5/2026] 🔍 Thử tìm nút Switch qua Menu tài khoản (Lần 1)...
[09:37:33 4/5/2026] 🔍 Tìm kiếm Account Menu...
[09:37:33 4/5/2026] 🔘 Đã tìm thấy Account Menu. Đang click...
[09:37:37 4/5/2026] 👤 Tài khoản hiện tại đang dùng: ""
[09:37:37 4/5/2026] 🔘 Đã tìm thấy "See all profiles". Đang click...
[09:37:42 4/5/2026] 🔍 Đang quét danh sách Profile (Loại trừ: "")...
[09:37:44 4/5/2026] 🔍 Thử tìm nút Switch qua Menu tài khoản (Lần 2)...
[09:37:44 4/5/2026] 🔍 Tìm kiếm Account Menu...
[09:37:44 4/5/2026] 🔘 Đã tìm thấy Account Menu. Đang click...
[09:37:48 4/5/2026] 👤 Tài khoản hiện tại đang dùng: ""
[09:37:48 4/5/2026] 🔘 Đã tìm thấy "See all profiles". Đang click...
[09:37:53 4/5/2026] 🔍 Đang quét danh sách Profile (Loại trừ: "")...
[09:37:56 4/5/2026] 🔍 Thử tìm nút Switch qua Menu tài khoản (Lần 3)...
[09:37:56 4/5/2026] 🔍 Tìm kiếm Account Menu...
[09:37:56 4/5/2026] 🔘 Đã tìm thấy Account Menu. Đang click...
[09:38:00 4/5/2026] 👤 Tài khoản hiện tại đang dùng: ""
[09:38:00 4/5/2026] 🔘 Đã tìm thấy "See all profiles". Đang click...
[09:38:05 4/5/2026] 🔍 Đang quét danh sách Profile (Loại trừ: "")...
[09:38:07 4/5/2026] ❌ LỖI: ❌ KHÔNG THỂ QUAY VỀ PROFILE CÁ NHÂN. Dừng để tránh đăng nhầm.
[09:38:07 4/5/2026] 🏁 Kết thúc.
[09:39:28 4/5/2026] 🚀 Bắt đầu POST bài (Tổng: 3)...
[09:39:29 4/5/2026] 
📝 Đang đăng bài: file_memory_1_profile
[09:39:29 4/5/2026] 🔗 Truy cập: https://www.facebook.com
[09:39:36 4/5/2026] 🔄 Đang kiểm tra tư cách người dùng hiện tại...
[09:39:36 4/5/2026] 💾 Đã ghi nhớ tên Profile cá nhân mới: "controls and settings"
[09:39:36 4/5/2026] ✅ Đang ở tư cách Profile cá nhân.
[09:39:36 4/5/2026] 🔍 Đang tìm ô soạn thảo...
[09:39:38 4/5/2026] 🔘 Đã tìm thấy ô soạn thảo. Đang click...
[09:39:38 4/5/2026] ⏳ Đợi bảng soạn thảo tải xong...
[09:39:41 4/5/2026] 🖼️ Tải 1 ảnh...
[09:39:49 4/5/2026] ✍️ Nhập nội dung...
[09:39:51 4/5/2026] 🔘 Tiến hành đăng bài...
[09:39:53 4/5/2026] 🔘 Bấm nút Đăng cuối cùng (Multi-trigger)...
[09:40:10 4/5/2026] ✅ THÀNH CÔNG!
[09:40:10 4/5/2026] ⏳ Nghỉ 60s...
[09:41:11 4/5/2026] 
📝 Đang đăng bài: file_memory_2_page
[09:41:11 4/5/2026] 🔗 Truy cập: https://www.facebook.com/61588688891696
[09:41:17 4/5/2026] 🔄 Đang kiểm tra chuyển sang Profile Fanpage...
[09:41:17 4/5/2026] 📌 Tên đích nhận diện được: VietNguyen-AI
[09:41:17 4/5/2026] 🔄 Kiểm tra yêu cầu chuyển Profile...
[09:41:17 4/5/2026] 🔘 Phát hiện banner Chuyển trực tiếp trên trang. Đang thực hiện chuyển đổi...
[09:41:17 4/5/2026] 🔄 Click nút Switch Now (Lần 1)...
[09:41:22 4/5/2026] 🔘 Bấm xác nhận trong Dialog chuyển đổi...
[09:41:32 4/5/2026] ✅ Đã thực hiện các bước chuyển đổi từ banner.
[09:41:32 4/5/2026] 🔄 Chuyển Profile hoàn tất. Truy cập lại URL để làm mới giao diện...
[09:41:38 4/5/2026] 🔍 Đang tìm ô soạn thảo...
[09:41:40 4/5/2026] 🔘 Đã tìm thấy ô soạn thảo. Đang click...
[09:41:41 4/5/2026] ⏳ Đợi bảng soạn thảo tải xong...
[09:41:43 4/5/2026] 🖼️ Tải 1 ảnh...
[09:41:51 4/5/2026] ✍️ Nhập nội dung...
[09:41:53 4/5/2026] 🔘 Tiến hành đăng bài...
[09:41:53 4/5/2026] 🔘 Bấm nút Tiếp...
[09:42:00 4/5/2026] 🔘 Bấm nút Đăng cuối cùng (Multi-trigger)...
[09:42:18 4/5/2026] ✅ THÀNH CÔNG!
[09:42:18 4/5/2026] ⏳ Nghỉ 75s...
[09:43:34 4/5/2026] 
📝 Đang đăng bài: file_memory_3_profile
[09:43:34 4/5/2026] 🔗 Truy cập: https://www.facebook.com
[09:43:42 4/5/2026] 🔄 Đang kiểm tra tư cách người dùng hiện tại...
[09:43:42 4/5/2026] 🔄 Phát hiện đang ở tư cách Fanpage. Chuyển ngược về Profile cá nhân...
[09:43:42 4/5/2026] 🔄 Kiểm tra yêu cầu chuyển Profile...
[09:43:42 4/5/2026] 🔍 Thử tìm nút Switch qua Menu tài khoản (Lần 1)...
[09:43:42 4/5/2026] 🔍 Tìm kiếm Account Menu...
[09:43:42 4/5/2026] 🔘 Đã tìm thấy Account Menu. Đang click...
[09:43:46 4/5/2026] 👤 Tài khoản hiện tại đang dùng: "controls and settings"
[09:43:46 4/5/2026] 🔘 Đã tìm thấy "See all profiles". Đang click...
[09:43:51 4/5/2026] 🔍 Đang tìm Profile đích: controls and settings
[09:43:53 4/5/2026] 🔍 Thử tìm nút Switch qua Menu tài khoản (Lần 2)...
[09:43:53 4/5/2026] 🔍 Tìm kiếm Account Menu...
[09:43:53 4/5/2026] 🔘 Đã tìm thấy Account Menu. Đang click...
[09:43:57 4/5/2026] 👤 Tài khoản hiện tại đang dùng: "controls and settings"
[09:43:57 4/5/2026] 🔘 Đã tìm thấy "See all profiles". Đang click...
[09:44:02 4/5/2026] 🔍 Đang tìm Profile đích: controls and settings
[09:44:04 4/5/2026] 🔍 Thử tìm nút Switch qua Menu tài khoản (Lần 3)...
[09:44:04 4/5/2026] 🔍 Tìm kiếm Account Menu...
[09:44:04 4/5/2026] 🔘 Đã tìm thấy Account Menu. Đang click...
[09:44:08 4/5/2026] 👤 Tài khoản hiện tại đang dùng: "controls and settings"
[09:44:08 4/5/2026] 🔘 Đã tìm thấy "See all profiles". Đang click...
[09:44:13 4/5/2026] 🔍 Đang tìm Profile đích: controls and settings
[09:44:15 4/5/2026] ⚠️ Không tìm thấy nút chuyển Profile nào.
[09:44:15 4/5/2026] 🔍 Đang tìm ô soạn thảo...
[09:44:17 4/5/2026] 🔘 Đã tìm thấy ô soạn thảo. Đang click...
[09:44:17 4/5/2026] ⏳ Đợi bảng soạn thảo tải xong...
[09:44:20 4/5/2026] 🖼️ Tải 1 ảnh...
[09:44:28 4/5/2026] ✍️ Nhập nội dung...
[09:44:30 4/5/2026] 🔘 Tiến hành đăng bài...
[09:44:30 4/5/2026] 🔘 Bấm nút Tiếp...
[09:44:37 4/5/2026] 🔘 Bấm nút Đăng cuối cùng (Multi-trigger)...
[09:44:55 4/5/2026] ✅ THÀNH CÔNG!
[09:44:55 4/5/2026] 🏁 Kết thúc.
[09:47:56 4/5/2026] 🚀 Bắt đầu POST bài (Tổng: 3)...
[09:47:57 4/5/2026] 
📝 Đang đăng bài: menu_name_1_profile
[09:47:57 4/5/2026] 🔗 Truy cập: https://www.facebook.com
[09:48:05 4/5/2026] 🔄 Đang kiểm tra tư cách người dùng hiện tại...
[09:48:05 4/5/2026] 🔍 Đang lấy tên Profile cá nhân từ Menu...
[09:48:08 4/5/2026] ✅ Đang ở tư cách Profile cá nhân.
[09:48:08 4/5/2026] 🔍 Đang tìm ô soạn thảo...
[09:48:10 4/5/2026] 🔘 Đã tìm thấy ô soạn thảo. Đang click...
[09:48:10 4/5/2026] ⏳ Đợi bảng soạn thảo tải xong...
[09:48:13 4/5/2026] 🖼️ Tải 1 ảnh...
[09:48:21 4/5/2026] ✍️ Nhập nội dung...
[09:48:23 4/5/2026] 🔘 Tiến hành đăng bài...
[09:48:25 4/5/2026] 🔘 Bấm nút Đăng cuối cùng (Multi-trigger)...
[09:48:42 4/5/2026] ✅ THÀNH CÔNG!
[09:48:42 4/5/2026] ⏳ Nghỉ 65s...
[09:49:48 4/5/2026] 
📝 Đang đăng bài: menu_name_2_page
[09:49:48 4/5/2026] 🔗 Truy cập: https://www.facebook.com/61588688891696
[09:49:54 4/5/2026] 🔄 Đang kiểm tra chuyển sang Profile Fanpage...
[09:49:54 4/5/2026] 📌 Tên đích nhận diện được: VietNguyen-AI
[09:49:54 4/5/2026] 🔄 Kiểm tra yêu cầu chuyển Profile...
[09:49:54 4/5/2026] 🔘 Phát hiện banner Chuyển trực tiếp trên trang. Đang thực hiện chuyển đổi...
[09:49:54 4/5/2026] 🔄 Click nút Switch Now (Lần 1)...
[09:49:59 4/5/2026] 🔘 Bấm xác nhận trong Dialog chuyển đổi...
[09:50:09 4/5/2026] ✅ Đã thực hiện các bước chuyển đổi từ banner.
[09:50:09 4/5/2026] 🔄 Chuyển Profile hoàn tất. Truy cập lại URL để làm mới giao diện...
[09:50:16 4/5/2026] 🔍 Đang tìm ô soạn thảo...
[09:50:18 4/5/2026] 🔘 Đã tìm thấy ô soạn thảo. Đang click...
[09:50:18 4/5/2026] ⏳ Đợi bảng soạn thảo tải xong...
[09:50:21 4/5/2026] 🖼️ Tải 1 ảnh...
[09:50:29 4/5/2026] ✍️ Nhập nội dung...
[09:50:31 4/5/2026] 🔘 Tiến hành đăng bài...
[09:50:31 4/5/2026] 🔘 Bấm nút Tiếp...
[09:50:38 4/5/2026] 🔘 Bấm nút Đăng cuối cùng (Multi-trigger)...
[09:50:56 4/5/2026] ✅ THÀNH CÔNG!
[09:50:56 4/5/2026] ⏳ Nghỉ 78s...
[09:52:14 4/5/2026] 
📝 Đang đăng bài: menu_name_3_profile
[09:52:14 4/5/2026] 🔗 Truy cập: https://www.facebook.com
[09:52:22 4/5/2026] 🔄 Đang kiểm tra tư cách người dùng hiện tại...
[09:52:22 4/5/2026] 🔄 Phát hiện đang ở tư cách Fanpage. Chuyển ngược về Profile cá nhân...
[09:52:22 4/5/2026] 🔄 Kiểm tra yêu cầu chuyển Profile...
[09:52:22 4/5/2026] 🔍 Thử tìm nút Switch qua Menu tài khoản (Lần 1)...
[09:52:22 4/5/2026] 🔍 Tìm kiếm Account Menu...
[09:52:22 4/5/2026] 🔘 Đã tìm thấy Account Menu. Đang click...
[09:52:26 4/5/2026] 👤 Tài khoản hiện tại đang dùng: "controls and settings"
[09:52:26 4/5/2026] 🔘 Đã tìm thấy "See all profiles". Đang click...
[09:52:31 4/5/2026] 🔍 Đang quét danh sách Profile (Loại trừ: "controls and settings")...
[09:52:31 4/5/2026] 🎯 Đã tìm thấy mục tiêu: "VietNguyen-AI". Click tọa độ: 1084, 145
[09:52:49 4/5/2026] 🔍 Thử tìm nút Switch qua Menu tài khoản (Lần 2)...
[09:52:49 4/5/2026] 🔍 Tìm kiếm Account Menu...
[09:52:49 4/5/2026] 🔘 Đã tìm thấy Account Menu. Đang click...
[09:52:53 4/5/2026] 👤 Tài khoản hiện tại đang dùng: "controls and settings"
[09:52:53 4/5/2026] 🔘 Đã tìm thấy "See all profiles". Đang click...
[09:52:58 4/5/2026] 🔍 Đang quét danh sách Profile (Loại trừ: "controls and settings")...
[09:52:58 4/5/2026] 🎯 Đã tìm thấy mục tiêu: "VietNguyen-AI". Click tọa độ: 1084, 145
[09:53:16 4/5/2026] 🔍 Thử tìm nút Switch qua Menu tài khoản (Lần 3)...
[09:53:16 4/5/2026] 🔍 Tìm kiếm Account Menu...
[09:53:16 4/5/2026] 🔘 Đã tìm thấy Account Menu. Đang click...
[09:53:20 4/5/2026] 👤 Tài khoản hiện tại đang dùng: "controls and settings"
[09:53:20 4/5/2026] 🔘 Đã tìm thấy "See all profiles". Đang click...
[09:53:25 4/5/2026] 🔍 Đang quét danh sách Profile (Loại trừ: "controls and settings")...
[09:53:25 4/5/2026] 🎯 Đã tìm thấy mục tiêu: "VietNguyen-AI". Click tọa độ: 1084, 145
[09:53:43 4/5/2026] ❌ LỖI: ❌ KHÔNG THỂ QUAY VỀ PROFILE CÁ NHÂN. Dừng để tránh đăng nhầm.
[09:53:44 4/5/2026] 🏁 Kết thúc.
[09:55:12 4/5/2026] 🚀 Bắt đầu POST bài (Tổng: 1)...
[09:55:13 4/5/2026] 
📝 Đang đăng bài: menu_name_3_profile
[09:55:13 4/5/2026] 🔗 Truy cập: https://www.facebook.com
[09:56:32 4/5/2026] 🚀 Bắt đầu POST bài (Tổng: 3)...
[09:56:34 4/5/2026] 
📝 Đang đăng bài: sidebar_test_1_profile
[09:56:34 4/5/2026] 🔗 Truy cập: https://www.facebook.com
[09:56:41 4/5/2026] 🔄 Đang kiểm tra tư cách người dùng hiện tại...
[09:56:41 4/5/2026] 🔍 Đang lấy tên Profile cá nhân từ Sidebar...
[09:56:41 4/5/2026] 🔍 Không thấy ở Sidebar, thử lấy từ Menu...
[09:56:44 4/5/2026] ✅ Đang ở tư cách Profile cá nhân.
[09:56:44 4/5/2026] 🔍 Đang tìm ô soạn thảo...
[09:56:46 4/5/2026] 🔘 Đã tìm thấy ô soạn thảo. Đang click...
[09:56:46 4/5/2026] ⏳ Đợi bảng soạn thảo tải xong...
[09:56:49 4/5/2026] 🖼️ Tải 1 ảnh...
[09:56:57 4/5/2026] ✍️ Nhập nội dung...
[09:56:59 4/5/2026] 🔘 Tiến hành đăng bài...
[09:57:01 4/5/2026] 🔘 Bấm nút Đăng cuối cùng (Multi-trigger)...
[09:57:18 4/5/2026] ✅ THÀNH CÔNG!
[09:57:18 4/5/2026] ⏳ Nghỉ 68s...
[09:58:27 4/5/2026] 
📝 Đang đăng bài: sidebar_test_2_page
[09:58:27 4/5/2026] 🔗 Truy cập: https://www.facebook.com/61588688891696
[09:58:34 4/5/2026] 🔄 Đang kiểm tra chuyển sang Profile Fanpage...
[09:58:34 4/5/2026] 📌 Tên đích nhận diện được: VietNguyen-AI
[09:58:34 4/5/2026] 🔄 Kiểm tra yêu cầu chuyển Profile...
[09:58:34 4/5/2026] 🔘 Phát hiện banner Chuyển trực tiếp trên trang. Đang thực hiện chuyển đổi...
[09:58:34 4/5/2026] 🔄 Click nút Switch Now (Lần 1)...
[09:58:39 4/5/2026] 🔘 Bấm xác nhận trong Dialog chuyển đổi...
[09:58:49 4/5/2026] ✅ Đã thực hiện các bước chuyển đổi từ banner.
[09:58:49 4/5/2026] 🔄 Chuyển Profile hoàn tất. Truy cập lại URL để làm mới giao diện...
[09:58:55 4/5/2026] 🔍 Đang tìm ô soạn thảo...
[09:58:57 4/5/2026] 🔘 Đã tìm thấy ô soạn thảo. Đang click...
[09:58:57 4/5/2026] ⏳ Đợi bảng soạn thảo tải xong...
[09:59:00 4/5/2026] 🖼️ Tải 1 ảnh...
[09:59:08 4/5/2026] ✍️ Nhập nội dung...
[09:59:10 4/5/2026] 🔘 Tiến hành đăng bài...
[09:59:10 4/5/2026] 🔘 Bấm nút Tiếp...
[09:59:17 4/5/2026] 🔘 Bấm nút Đăng cuối cùng (Multi-trigger)...
[09:59:34 4/5/2026] ✅ THÀNH CÔNG!
[09:59:34 4/5/2026] ⏳ Nghỉ 63s...
[10:00:37 4/5/2026] 
📝 Đang đăng bài: sidebar_test_3_profile
[10:00:37 4/5/2026] 🔗 Truy cập: https://www.facebook.com
[10:00:45 4/5/2026] 🔄 Đang kiểm tra tư cách người dùng hiện tại...
[10:00:45 4/5/2026] 🔄 Phát hiện đang ở tư cách Fanpage. Chuyển ngược về Profile cá nhân...
[10:00:45 4/5/2026] 🔄 Kiểm tra yêu cầu chuyển Profile...
[10:00:45 4/5/2026] 🔍 Thử tìm nút Switch qua Menu tài khoản (Lần 1)...
[10:00:45 4/5/2026] 🔍 Tìm kiếm Account Menu...
[10:00:45 4/5/2026] 🔘 Đã tìm thấy Account Menu. Đang click...
[10:00:49 4/5/2026] 👤 Tài khoản hiện tại đang dùng: ""
[10:00:49 4/5/2026] 🔘 Đã tìm thấy "See all profiles". Đang click...
[10:00:54 4/5/2026] 🔍 Đang quét danh sách Profile (Loại trừ: "")...
[10:00:57 4/5/2026] 🔍 Thử tìm nút Switch qua Menu tài khoản (Lần 2)...
[10:00:57 4/5/2026] 🔍 Tìm kiếm Account Menu...
[10:00:57 4/5/2026] 🔘 Đã tìm thấy Account Menu. Đang click...
[10:01:01 4/5/2026] 👤 Tài khoản hiện tại đang dùng: ""
[10:01:01 4/5/2026] 🔘 Đã tìm thấy "See all profiles". Đang click...
[10:01:06 4/5/2026] 🔍 Đang quét danh sách Profile (Loại trừ: "")...
[10:01:08 4/5/2026] 🔍 Thử tìm nút Switch qua Menu tài khoản (Lần 3)...
[10:01:08 4/5/2026] 🔍 Tìm kiếm Account Menu...
[10:01:08 4/5/2026] 🔘 Đã tìm thấy Account Menu. Đang click...
[10:01:12 4/5/2026] 👤 Tài khoản hiện tại đang dùng: ""
[10:01:12 4/5/2026] 🔘 Đã tìm thấy "See all profiles". Đang click...
[10:01:17 4/5/2026] 🔍 Đang quét danh sách Profile (Loại trừ: "")...
[10:01:19 4/5/2026] ❌ LỖI: ❌ KHÔNG THỂ QUAY VỀ PROFILE CÁ NHÂN. Dừng để tránh đăng nhầm.
[10:01:19 4/5/2026] 🏁 Kết thúc.
[10:04:22 4/5/2026] 🚀 Bắt đầu POST bài (Tổng: 1)...
[10:04:23 4/5/2026] 
📝 Đang đăng bài: sidebar_test_3_profile
[10:04:23 4/5/2026] 🔗 Truy cập: https://www.facebook.com
[10:04:42 4/5/2026] 🚀 Bắt đầu POST bài (Tổng: 3)...
[10:04:43 4/5/2026] 
📝 Đang đăng bài: final_test_1_profile
[10:04:43 4/5/2026] 🔗 Truy cập: https://www.facebook.com
[10:04:50 4/5/2026] 🔄 Đang kiểm tra tư cách người dùng hiện tại...
[10:04:50 4/5/2026] 📖 Đã đọc tên Profile từ file: "Viet Nguyen"
[10:04:50 4/5/2026] ✅ Đang ở tư cách Profile cá nhân.
[10:04:50 4/5/2026] 🔍 Đang tìm ô soạn thảo...
[10:04:52 4/5/2026] 🔘 Đã tìm thấy ô soạn thảo. Đang click...
[10:04:52 4/5/2026] ⏳ Đợi bảng soạn thảo tải xong...
[10:04:54 4/5/2026] 🖼️ Tải 1 ảnh...
[10:05:02 4/5/2026] ✍️ Nhập nội dung...
[10:05:05 4/5/2026] 🔘 Tiến hành đăng bài...
[10:05:07 4/5/2026] 🔘 Bấm nút Đăng cuối cùng (Multi-trigger)...
[10:05:24 4/5/2026] ✅ THÀNH CÔNG!
[10:05:24 4/5/2026] ⏳ Nghỉ 78s...
[10:06:42 4/5/2026] 
📝 Đang đăng bài: final_test_2_page
[10:06:42 4/5/2026] 🔗 Truy cập: https://www.facebook.com/61588688891696
[10:06:49 4/5/2026] 🔄 Đang kiểm tra chuyển sang Profile Fanpage...
[10:06:49 4/5/2026] 📌 Tên đích nhận diện được: VietNguyen-AI
[10:06:49 4/5/2026] 🔄 Kiểm tra yêu cầu chuyển Profile...
[10:06:49 4/5/2026] 🔘 Phát hiện banner Chuyển trực tiếp trên trang. Đang thực hiện chuyển đổi...
[10:06:49 4/5/2026] 🔄 Click nút Switch Now (Lần 1)...
[10:06:54 4/5/2026] 🔘 Bấm xác nhận trong Dialog chuyển đổi...
[10:07:04 4/5/2026] ✅ Đã thực hiện các bước chuyển đổi từ banner.
[10:07:04 4/5/2026] 🔄 Chuyển Profile hoàn tất. Truy cập lại URL để làm mới giao diện...
[10:07:11 4/5/2026] 🔍 Đang tìm ô soạn thảo...
[10:07:13 4/5/2026] 🔘 Đã tìm thấy ô soạn thảo. Đang click...
[10:07:13 4/5/2026] ⏳ Đợi bảng soạn thảo tải xong...
[10:07:15 4/5/2026] 🖼️ Tải 1 ảnh...
[10:07:23 4/5/2026] ✍️ Nhập nội dung...
[10:07:26 4/5/2026] 🔘 Tiến hành đăng bài...
[10:07:26 4/5/2026] 🔘 Bấm nút Tiếp...
[10:07:33 4/5/2026] 🔘 Bấm nút Đăng cuối cùng (Multi-trigger)...
[10:07:50 4/5/2026] ✅ THÀNH CÔNG!
[10:07:50 4/5/2026] ⏳ Nghỉ 64s...
[10:08:54 4/5/2026] 
📝 Đang đăng bài: final_test_3_profile
[10:08:54 4/5/2026] 🔗 Truy cập: https://www.facebook.com
[10:09:02 4/5/2026] 🔄 Đang kiểm tra tư cách người dùng hiện tại...
[10:09:03 4/5/2026] 🔄 Phát hiện đang ở tư cách Fanpage. Chuyển ngược về Profile cá nhân...
[10:09:03 4/5/2026] 🔄 Kiểm tra yêu cầu chuyển Profile...
[10:09:03 4/5/2026] 🔍 Thử tìm nút Switch qua Menu tài khoản (Lần 1)...
[10:09:03 4/5/2026] 🔍 Tìm kiếm Account Menu...
[10:09:03 4/5/2026] 🔘 Đã tìm thấy Account Menu. Đang click...
[10:09:07 4/5/2026] 👤 Tài khoản hiện tại đang dùng: ""
[10:09:07 4/5/2026] 🔘 Đã tìm thấy "See all profiles". Đang click...
[10:09:12 4/5/2026] 🔍 Đang tìm Profile đích: Viet Nguyen
[10:09:12 4/5/2026] 🔍 Không thấy bằng tên, quét danh sách để loại trừ: ""
[10:09:14 4/5/2026] 🔍 Thử tìm nút Switch qua Menu tài khoản (Lần 2)...
[10:09:14 4/5/2026] 🔍 Tìm kiếm Account Menu...
[10:09:14 4/5/2026] 🔘 Đã tìm thấy Account Menu. Đang click...
[10:09:18 4/5/2026] 👤 Tài khoản hiện tại đang dùng: ""
[10:09:18 4/5/2026] 🔘 Đã tìm thấy "See all profiles". Đang click...
[10:09:23 4/5/2026] 🔍 Đang tìm Profile đích: Viet Nguyen
[10:09:23 4/5/2026] 🔍 Không thấy bằng tên, quét danh sách để loại trừ: ""
[10:09:25 4/5/2026] 🔍 Thử tìm nút Switch qua Menu tài khoản (Lần 3)...
[10:09:25 4/5/2026] 🔍 Tìm kiếm Account Menu...
[10:09:25 4/5/2026] 🔘 Đã tìm thấy Account Menu. Đang click...
[10:09:29 4/5/2026] 👤 Tài khoản hiện tại đang dùng: ""
[10:09:29 4/5/2026] 🔘 Đã tìm thấy "See all profiles". Đang click...
[10:09:34 4/5/2026] 🔍 Đang tìm Profile đích: Viet Nguyen
[10:09:34 4/5/2026] 🔍 Không thấy bằng tên, quét danh sách để loại trừ: ""
[10:09:36 4/5/2026] ⚠️ Không tìm thấy nút chuyển Profile nào.
[10:09:36 4/5/2026] 🔍 Đang tìm ô soạn thảo...
[10:09:38 4/5/2026] 🔘 Đã tìm thấy ô soạn thảo. Đang click...
[10:09:38 4/5/2026] ⏳ Đợi bảng soạn thảo tải xong...
[10:09:41 4/5/2026] 🖼️ Tải 1 ảnh...
[10:09:49 4/5/2026] ✍️ Nhập nội dung...
[10:09:51 4/5/2026] 🔘 Tiến hành đăng bài...
[10:09:51 4/5/2026] 🔘 Bấm nút Tiếp...
[10:09:58 4/5/2026] 🔘 Bấm nút Đăng cuối cùng (Multi-trigger)...
[10:10:15 4/5/2026] ✅ THÀNH CÔNG!
[10:10:16 4/5/2026] 🏁 Kết thúc.
[10:17:32 4/5/2026] 📭 Hàng đợi trống.
[10:18:05 4/5/2026] 🚀 Bắt đầu POST bài (Tổng: 3)...
[10:18:07 4/5/2026] 
📝 Đang đăng bài: new_strategy_1_profile
[10:18:07 4/5/2026] 🔗 Truy cập: https://www.facebook.com
[10:18:14 4/5/2026] 🔄 Đang kiểm tra tư cách người dùng hiện tại...
[10:18:14 4/5/2026] ✅ Đang ở tư cách Profile cá nhân.
[10:18:14 4/5/2026] 🔍 Đang tìm ô soạn thảo...
[10:18:16 4/5/2026] 🔘 Đã tìm thấy ô soạn thảo. Đang click...
[10:18:16 4/5/2026] ⏳ Đợi bảng soạn thảo tải xong...
[10:18:19 4/5/2026] 🖼️ Tải 1 ảnh...
[10:18:27 4/5/2026] ✍️ Nhập nội dung...
[10:18:29 4/5/2026] 🔘 Tiến hành đăng bài...
[10:18:31 4/5/2026] 🔘 Bấm nút Đăng cuối cùng (Multi-trigger)...
[10:18:48 4/5/2026] ✅ THÀNH CÔNG!
[10:18:48 4/5/2026] ⏳ Nghỉ 60s...
[10:19:49 4/5/2026] 
📝 Đang đăng bài: new_strategy_2_page
[10:19:49 4/5/2026] 🔗 Truy cập: https://www.facebook.com/61588688891696
[10:19:55 4/5/2026] 🔄 Đang kiểm tra chuyển sang Profile Fanpage...
[10:19:55 4/5/2026] 📌 Tên đích nhận diện được: VietNguyen-AI
[10:19:55 4/5/2026] 🔄 Kiểm tra yêu cầu chuyển Profile...
[10:19:55 4/5/2026] 🔘 Phát hiện banner Chuyển trực tiếp trên trang. Đang thực hiện chuyển đổi...
[10:19:55 4/5/2026] 🔄 Click nút Switch Now (Lần 1)...
[10:20:00 4/5/2026] 🔘 Bấm xác nhận trong Dialog chuyển đổi...
[10:20:10 4/5/2026] ✅ Đã thực hiện các bước chuyển đổi từ banner.
[10:20:10 4/5/2026] 🔄 Chuyển Profile hoàn tất. Truy cập lại URL để làm mới giao diện...
[10:20:17 4/5/2026] 🔍 Đang tìm ô soạn thảo...
[10:20:19 4/5/2026] 🔘 Đã tìm thấy ô soạn thảo. Đang click...
[10:20:19 4/5/2026] ⏳ Đợi bảng soạn thảo tải xong...
[10:20:22 4/5/2026] 🖼️ Tải 1 ảnh...
[10:20:30 4/5/2026] ✍️ Nhập nội dung...
[10:20:32 4/5/2026] 🔘 Tiến hành đăng bài...
[10:20:32 4/5/2026] 🔘 Bấm nút Tiếp...
[10:20:40 4/5/2026] 🔘 Bấm nút Đăng cuối cùng (Multi-trigger)...
[10:20:57 4/5/2026] ✅ THÀNH CÔNG!
[10:20:57 4/5/2026] ⏳ Nghỉ 73s...
[10:22:11 4/5/2026] 
📝 Đang đăng bài: new_strategy_3_profile
[10:22:11 4/5/2026] 🔗 Truy cập: https://www.facebook.com
[10:22:22 4/5/2026] 🔄 Đang kiểm tra tư cách người dùng hiện tại...
[10:22:22 4/5/2026] 🔄 Phát hiện đang ở tư cách Fanpage. Điều hướng về Profile cá nhân...
[10:22:29 4/5/2026] ✅ Đã về Profile cá nhân (không cần banner Switch).
[10:22:29 4/5/2026] 🔄 Chuyển Profile hoàn tất. Truy cập lại URL để làm mới giao diện...
[10:22:37 4/5/2026] 🔍 Đang tìm ô soạn thảo...
[10:22:39 4/5/2026] 🔘 Đã tìm thấy ô soạn thảo. Đang click...
[10:22:39 4/5/2026] ⏳ Đợi bảng soạn thảo tải xong...
[10:22:42 4/5/2026] 🖼️ Tải 1 ảnh...
[10:22:50 4/5/2026] ✍️ Nhập nội dung...
[10:22:52 4/5/2026] 🔘 Tiến hành đăng bài...
[10:22:52 4/5/2026] 🔘 Bấm nút Tiếp...
[10:22:59 4/5/2026] 🔘 Bấm nút Đăng cuối cùng (Multi-trigger)...
[10:23:16 4/5/2026] ✅ THÀNH CÔNG!
[10:23:16 4/5/2026] 🏁 Kết thúc.
[10:29:06 4/5/2026] 📭 Hàng đợi trống.
[10:29:53 4/5/2026] 🚀 Bắt đầu POST bài (Tổng: 3)...
[10:29:54 4/5/2026] 
📝 Đang đăng bài: fanpage_exclude_1_profile
[10:29:54 4/5/2026] 🔗 Truy cập: https://www.facebook.com
[10:30:02 4/5/2026] 🔄 Đang kiểm tra tư cách người dùng hiện tại...
[10:30:02 4/5/2026] ✅ Đang ở tư cách Profile cá nhân.
[10:30:02 4/5/2026] 🔍 Đang tìm ô soạn thảo...
[10:30:04 4/5/2026] 🔘 Đã tìm thấy ô soạn thảo. Đang click...
[10:30:04 4/5/2026] ⏳ Đợi bảng soạn thảo tải xong...
[10:30:07 4/5/2026] 🖼️ Tải 1 ảnh...
[10:30:15 4/5/2026] ✍️ Nhập nội dung...
[10:30:17 4/5/2026] 🔘 Tiến hành đăng bài...
[10:30:19 4/5/2026] 🔘 Bấm nút Đăng cuối cùng (Multi-trigger)...
[10:30:37 4/5/2026] ✅ THÀNH CÔNG!
[10:30:37 4/5/2026] ⏳ Nghỉ 66s...
[10:31:44 4/5/2026] 
📝 Đang đăng bài: fanpage_exclude_2_page
[10:31:44 4/5/2026] 🔗 Truy cập: https://www.facebook.com/61588688891696
[10:31:50 4/5/2026] 🔄 Đang kiểm tra chuyển sang Profile Fanpage...
[10:31:50 4/5/2026] 📌 Tên Fanpage đích: VietNguyen-AI
[10:31:50 4/5/2026] 🔄 Kiểm tra yêu cầu chuyển Profile...
[10:31:50 4/5/2026] 🔘 Phát hiện banner Chuyển trực tiếp trên trang. Đang thực hiện chuyển đổi...
[10:31:50 4/5/2026] 🔄 Click nút Switch Now (Lần 1)...
[10:31:55 4/5/2026] 🔘 Bấm xác nhận trong Dialog chuyển đổi...
[10:32:05 4/5/2026] ✅ Đã thực hiện các bước chuyển đổi từ banner.
[10:32:05 4/5/2026] 🔄 Chuyển Profile hoàn tất. Truy cập lại URL để làm mới giao diện...
[10:32:12 4/5/2026] 🔍 Đang tìm ô soạn thảo...
[10:32:14 4/5/2026] 🔘 Đã tìm thấy ô soạn thảo. Đang click...
[10:32:14 4/5/2026] ⏳ Đợi bảng soạn thảo tải xong...
[10:32:17 4/5/2026] 🖼️ Tải 1 ảnh...
[10:32:25 4/5/2026] ✍️ Nhập nội dung...
[10:32:27 4/5/2026] 🔘 Tiến hành đăng bài...
[10:32:27 4/5/2026] 🔘 Bấm nút Tiếp...
[10:32:34 4/5/2026] 🔘 Bấm nút Đăng cuối cùng (Multi-trigger)...
[10:32:51 4/5/2026] ✅ THÀNH CÔNG!
[10:32:51 4/5/2026] ⏳ Nghỉ 77s...
[10:34:09 4/5/2026] 
📝 Đang đăng bài: fanpage_exclude_3_profile
[10:34:09 4/5/2026] 🔗 Truy cập: https://www.facebook.com
[10:34:17 4/5/2026] 🔄 Đang kiểm tra tư cách người dùng hiện tại...
[10:34:17 4/5/2026] 🔄 Đang là Fanpage ("VietNguyen-AI"). Chuyển về Profile cá nhân...
[10:34:17 4/5/2026] 🔍 Thử chuyển về Profile (Lần 1/3)...
[10:34:24 4/5/2026] ⚠️ Lần 1: Không tìm thấy mục trong danh sách để click.
[10:34:26 4/5/2026] 🔍 Thử chuyển về Profile (Lần 2/3)...
[10:34:33 4/5/2026] ⚠️ Lần 2: Không tìm thấy mục trong danh sách để click.
[10:34:35 4/5/2026] 🔍 Thử chuyển về Profile (Lần 3/3)...
[10:34:42 4/5/2026] ⚠️ Lần 3: Không tìm thấy mục trong danh sách để click.
[10:34:44 4/5/2026] ❌ LỖI: ❌ Không thể chuyển về Profile cá nhân sau 3 lần thử. Dừng để tránh đăng nhầm lên Fanpage.
[10:34:45 4/5/2026] 🏁 Kết thúc.
[10:37:55 4/5/2026] 🚀 Bắt đầu POST bài (Tổng: 1)...
[10:37:57 4/5/2026] 
📝 Đang đăng bài: fanpage_exclude_3_profile
[10:37:57 4/5/2026] 🔗 Truy cập: https://www.facebook.com
[10:38:04 4/5/2026] 🔄 Đang kiểm tra tư cách người dùng hiện tại...
[10:38:04 4/5/2026] ✅ Đang ở tư cách Profile cá nhân.
[10:38:04 4/5/2026] 🔍 Đang tìm ô soạn thảo...
[10:38:30 4/5/2026] 🚀 Bắt đầu POST bài (Tổng: 3)...
[10:38:31 4/5/2026] 
📝 Đang đăng bài: aria_fix_1_profile
[10:38:31 4/5/2026] 🔗 Truy cập: https://www.facebook.com
[10:38:38 4/5/2026] 🔄 Đang kiểm tra tư cách người dùng hiện tại...
[10:38:38 4/5/2026] ✅ Đang ở tư cách Profile cá nhân.
[10:38:38 4/5/2026] 🔍 Đang tìm ô soạn thảo...
[10:38:40 4/5/2026] 🔘 Đã tìm thấy ô soạn thảo. Đang click...
[10:38:41 4/5/2026] ⏳ Đợi bảng soạn thảo tải xong...
[10:38:43 4/5/2026] 🖼️ Tải 1 ảnh...
[10:38:51 4/5/2026] ✍️ Nhập nội dung...
[10:38:53 4/5/2026] 🔘 Tiến hành đăng bài...
[10:38:55 4/5/2026] 🔘 Bấm nút Đăng cuối cùng (Multi-trigger)...
[10:39:13 4/5/2026] ✅ THÀNH CÔNG!
[10:39:13 4/5/2026] ⏳ Nghỉ 75s...
[10:40:28 4/5/2026] 
📝 Đang đăng bài: aria_fix_2_page
[10:40:28 4/5/2026] 🔗 Truy cập: https://www.facebook.com/61588688891696
[10:40:34 4/5/2026] 🔄 Đang kiểm tra chuyển sang Profile Fanpage...
[10:40:34 4/5/2026] 📌 Tên Fanpage đích: VietNguyen-AI
[10:40:34 4/5/2026] 🔄 Kiểm tra yêu cầu chuyển Profile...
[10:40:34 4/5/2026] 🔘 Phát hiện banner Chuyển trực tiếp trên trang. Đang thực hiện chuyển đổi...
[10:40:34 4/5/2026] 🔄 Click nút Switch Now (Lần 1)...
[10:40:40 4/5/2026] 🔘 Bấm xác nhận trong Dialog chuyển đổi...
[10:40:50 4/5/2026] ✅ Đã thực hiện các bước chuyển đổi từ banner.
[10:40:50 4/5/2026] 🔄 Chuyển Profile hoàn tất. Truy cập lại URL để làm mới giao diện...
[10:40:56 4/5/2026] 🔍 Đang tìm ô soạn thảo...
[10:40:58 4/5/2026] 🔘 Đã tìm thấy ô soạn thảo. Đang click...
[10:40:58 4/5/2026] ⏳ Đợi bảng soạn thảo tải xong...
[10:41:01 4/5/2026] 🖼️ Tải 1 ảnh...
[10:41:09 4/5/2026] ✍️ Nhập nội dung...
[10:41:11 4/5/2026] 🔘 Tiến hành đăng bài...
[10:41:11 4/5/2026] 🔘 Bấm nút Tiếp...
[10:41:18 4/5/2026] 🔘 Bấm nút Đăng cuối cùng (Multi-trigger)...
[10:41:35 4/5/2026] ✅ THÀNH CÔNG!
[10:41:35 4/5/2026] ⏳ Nghỉ 73s...
[10:42:49 4/5/2026] 
📝 Đang đăng bài: aria_fix_3_profile
[10:42:49 4/5/2026] 🔗 Truy cập: https://www.facebook.com
[10:42:57 4/5/2026] 🔄 Đang kiểm tra tư cách người dùng hiện tại...
[10:42:57 4/5/2026] 🔄 Đang là Fanpage ("VietNguyen-AI"). Chuyển về Profile cá nhân...
[10:42:57 4/5/2026] 🔍 Thử chuyển về Profile (Lần 1/3)...
[10:43:05 4/5/2026] 🎯 Tìm thấy mục tiêu: "Switch to Viet Nguyen" tại (724, 164). Đang click...
[10:43:27 4/5/2026] ⚠️ Lần 1: Vẫn còn là Fanpage sau khi click. Thử lại...
[10:43:27 4/5/2026] 🔍 Thử chuyển về Profile (Lần 2/3)...
[10:43:34 4/5/2026] 🎯 Tìm thấy mục tiêu: "Switch to Viet Nguyen" tại (724, 164). Đang click...
[10:43:57 4/5/2026] ⚠️ Lần 2: Vẫn còn là Fanpage sau khi click. Thử lại...
[10:43:57 4/5/2026] 🔍 Thử chuyển về Profile (Lần 3/3)...
[10:44:04 4/5/2026] 🎯 Tìm thấy mục tiêu: "Switch to Viet Nguyen" tại (724, 164). Đang click...
[10:44:27 4/5/2026] ⚠️ Lần 3: Vẫn còn là Fanpage sau khi click. Thử lại...
[10:44:27 4/5/2026] ❌ LỖI: ❌ Không thể chuyển về Profile cá nhân sau 3 lần thử. Dừng để tránh đăng nhầm lên Fanpage.
[10:44:27 4/5/2026] 🏁 Kết thúc.
[10:46:07 4/5/2026] 🚀 Bắt đầu POST bài (Tổng: 1)...
[10:46:08 4/5/2026] 
📝 Đang đăng bài: aria_fix_3_profile
[10:46:08 4/5/2026] 🔗 Truy cập: https://www.facebook.com
[10:46:17 4/5/2026] 🔄 Đang kiểm tra tư cách người dùng hiện tại...
[10:46:17 4/5/2026] ✅ Đang ở tư cách Profile cá nhân.
[10:46:17 4/5/2026] 🔍 Đang tìm ô soạn thảo...
[10:46:41 4/5/2026] 🚀 Bắt đầu POST bài (Tổng: 3)...
[10:46:42 4/5/2026] 
📝 Đang đăng bài: domclick_1_profile
[10:46:42 4/5/2026] 🔗 Truy cập: https://www.facebook.com
[10:46:49 4/5/2026] 🔄 Đang kiểm tra tư cách người dùng hiện tại...
[10:46:49 4/5/2026] ✅ Đang ở tư cách Profile cá nhân.
[10:46:49 4/5/2026] 🔍 Đang tìm ô soạn thảo...
[10:46:51 4/5/2026] 🔘 Đã tìm thấy ô soạn thảo. Đang click...
[10:46:51 4/5/2026] ⏳ Đợi bảng soạn thảo tải xong...
[10:46:54 4/5/2026] 🖼️ Tải 1 ảnh...
[10:47:02 4/5/2026] ✍️ Nhập nội dung...
[10:47:04 4/5/2026] 🔘 Tiến hành đăng bài...
[10:47:06 4/5/2026] 🔘 Bấm nút Đăng cuối cùng (Multi-trigger)...
[10:47:24 4/5/2026] ✅ THÀNH CÔNG!
[10:47:24 4/5/2026] ⏳ Nghỉ 71s...
[10:48:35 4/5/2026] 
📝 Đang đăng bài: domclick_2_page
[10:48:35 4/5/2026] 🔗 Truy cập: https://www.facebook.com/61588688891696
[10:48:42 4/5/2026] 🔄 Đang kiểm tra chuyển sang Profile Fanpage...
[10:48:42 4/5/2026] 📌 Tên Fanpage đích: VietNguyen-AI
[10:48:42 4/5/2026] 🔄 Kiểm tra yêu cầu chuyển Profile...
[10:48:42 4/5/2026] 🔘 Phát hiện banner Chuyển trực tiếp trên trang. Đang thực hiện chuyển đổi...
[10:48:42 4/5/2026] 🔄 Click nút Switch Now (Lần 1)...
[10:48:47 4/5/2026] 🔘 Bấm xác nhận trong Dialog chuyển đổi...
[10:48:57 4/5/2026] ✅ Đã thực hiện các bước chuyển đổi từ banner.
[10:48:57 4/5/2026] 🔄 Chuyển Profile hoàn tất. Truy cập lại URL để làm mới giao diện...
[10:49:04 4/5/2026] 🔍 Đang tìm ô soạn thảo...
[10:49:06 4/5/2026] 🔘 Đã tìm thấy ô soạn thảo. Đang click...
[10:49:06 4/5/2026] ⏳ Đợi bảng soạn thảo tải xong...
[10:49:09 4/5/2026] 🖼️ Tải 1 ảnh...
[10:49:17 4/5/2026] ✍️ Nhập nội dung...
[10:49:19 4/5/2026] 🔘 Tiến hành đăng bài...
[10:49:19 4/5/2026] 🔘 Bấm nút Tiếp...
[10:49:26 4/5/2026] 🔘 Bấm nút Đăng cuối cùng (Multi-trigger)...
[10:49:43 4/5/2026] ✅ THÀNH CÔNG!
[10:49:43 4/5/2026] ⏳ Nghỉ 76s...
[10:51:00 4/5/2026] 
📝 Đang đăng bài: domclick_3_profile
[10:51:00 4/5/2026] 🔗 Truy cập: https://www.facebook.com
[10:51:09 4/5/2026] 🔄 Đang kiểm tra tư cách người dùng hiện tại...
[10:51:09 4/5/2026] 🔄 Đang là Fanpage ("VietNguyen-AI"). Chuyển về Profile cá nhân...
[10:51:09 4/5/2026] 🔍 Thử chuyển về Profile (Lần 1/3)...
[10:51:16 4/5/2026] 🎯 Đã click nút: "Switch to Viet Nguyen". Đợi chuyển đổi...
[10:51:37 4/5/2026] ✅ Xác nhận trên trang chủ: Đã về Profile cá nhân!
[10:51:37 4/5/2026] 🔄 Chuyển Profile hoàn tất. Truy cập lại URL để làm mới giao diện...
[10:51:45 4/5/2026] 🔍 Đang tìm ô soạn thảo...
[10:51:47 4/5/2026] 🔘 Đã tìm thấy ô soạn thảo. Đang click...
[10:51:47 4/5/2026] ⏳ Đợi bảng soạn thảo tải xong...
[10:51:50 4/5/2026] 🖼️ Tải 1 ảnh...
[10:51:58 4/5/2026] ✍️ Nhập nội dung...
[10:52:00 4/5/2026] 🔘 Tiến hành đăng bài...
[10:52:02 4/5/2026] 🔘 Bấm nút Đăng cuối cùng (Multi-trigger)...
[10:52:19 4/5/2026] ✅ THÀNH CÔNG!
[10:52:19 4/5/2026] 🏁 Kết thúc.
[10:57:27 4/5/2026] 🚀 Bắt đầu POST bài (Tổng: 4)...
[10:57:28 4/5/2026] 
📝 Đang đăng bài: test_direct_post
[10:57:28 4/5/2026] 🔗 Truy cập: https://www.facebook.com
[10:57:35 4/5/2026] 🔄 Đang kiểm tra tư cách người dùng hiện tại...
[10:57:35 4/5/2026] ✅ Đang ở tư cách Profile cá nhân.
[10:57:35 4/5/2026] 🔍 Đang tìm ô soạn thảo...
[10:57:37 4/5/2026] 🔘 Đã tìm thấy ô soạn thảo. Đang click...
[10:57:37 4/5/2026] ⏳ Đợi bảng soạn thảo tải xong...
[10:57:40 4/5/2026] 🖼️ Tải 1 ảnh...
[10:57:40 4/5/2026] ❌ LỖI: ENOENT: no such file or directory, stat '/Users/apple/TKMG/fb-auto-poster/queue/p2.png'
[10:57:40 4/5/2026] 🏁 Kết thúc.
[10:58:34 4/5/2026] 🚀 Bắt đầu POST bài (Tổng: 4)...
[10:58:35 4/5/2026] 
📝 Đang đăng bài: test_direct_post
[10:58:35 4/5/2026] 🔗 Truy cập: https://www.facebook.com
[10:58:42 4/5/2026] 🔄 Đang kiểm tra tư cách người dùng hiện tại...
[10:58:42 4/5/2026] ✅ Đang ở tư cách Profile cá nhân.
[10:58:42 4/5/2026] 🔍 Đang tìm ô soạn thảo...
[10:58:44 4/5/2026] 🔘 Đã tìm thấy ô soạn thảo. Đang click...
[10:58:44 4/5/2026] ⏳ Đợi bảng soạn thảo tải xong...
[10:58:47 4/5/2026] 🖼️ Tải 1 ảnh...
[10:58:55 4/5/2026] ✍️ Nhập nội dung...
[10:58:57 4/5/2026] 🔘 Tiến hành đăng bài...
[10:58:59 4/5/2026] 🔘 Bấm nút Đăng cuối cùng (Multi-trigger)...
[10:59:17 4/5/2026] ✅ THÀNH CÔNG!
[10:59:17 4/5/2026] ⏳ Nghỉ 72s...
[11:00:29 4/5/2026] 
📝 Đang đăng bài: page_2
[11:00:29 4/5/2026] 🔗 Truy cập: https://www.facebook.com/61588688891696
[11:00:36 4/5/2026] 🔄 Đang kiểm tra chuyển sang Profile Fanpage...
[11:00:36 4/5/2026] 📌 Tên Fanpage đích: VietNguyen-AI
[11:00:36 4/5/2026] 🔄 Kiểm tra yêu cầu chuyển Profile...
[11:00:36 4/5/2026] 🔘 Phát hiện banner Chuyển trực tiếp trên trang. Đang thực hiện chuyển đổi...
[11:00:36 4/5/2026] 🔄 Click nút Switch Now (Lần 1)...
[11:00:41 4/5/2026] 🔘 Bấm xác nhận trong Dialog chuyển đổi...
[11:00:52 4/5/2026] ✅ Đã thực hiện các bước chuyển đổi từ banner.
[11:00:52 4/5/2026] 🔄 Chuyển Profile hoàn tất. Truy cập lại URL để làm mới giao diện...
[11:00:58 4/5/2026] 🔍 Đang tìm ô soạn thảo...
[11:01:00 4/5/2026] 🔘 Đã tìm thấy ô soạn thảo. Đang click...
[11:01:00 4/5/2026] ⏳ Đợi bảng soạn thảo tải xong...
[11:01:03 4/5/2026] 🖼️ Tải 1 ảnh...
[11:01:11 4/5/2026] ✍️ Nhập nội dung...
[11:01:13 4/5/2026] 🔘 Tiến hành đăng bài...
[11:01:13 4/5/2026] 🔘 Bấm nút Tiếp...
[11:01:20 4/5/2026] 🔘 Bấm nút Đăng cuối cùng (Multi-trigger)...
[11:01:38 4/5/2026] ✅ THÀNH CÔNG!
[11:01:38 4/5/2026] ⏳ Nghỉ 70s...
[11:02:48 4/5/2026] 
📝 Đang đăng bài: profile_3
[11:02:48 4/5/2026] 🔗 Truy cập: https://www.facebook.com
[11:02:59 4/5/2026] 🔄 Đang kiểm tra tư cách người dùng hiện tại...
[11:02:59 4/5/2026] 🔄 Đang là Fanpage ("VietNguyen-AI"). Chuyển về Profile cá nhân...
[11:02:59 4/5/2026] 🔍 Thử chuyển về Profile (Lần 1/3)...
[11:03:07 4/5/2026] 🎯 Đã click nút: "Switch to Viet Nguyen". Đợi chuyển đổi...
[11:03:28 4/5/2026] ✅ Xác nhận trên trang chủ: Đã về Profile cá nhân!
[11:03:28 4/5/2026] 🔄 Chuyển Profile hoàn tất. Truy cập lại URL để làm mới giao diện...
[11:03:35 4/5/2026] 🔍 Đang tìm ô soạn thảo...
[11:03:37 4/5/2026] 🔘 Đã tìm thấy ô soạn thảo. Đang click...
[11:03:37 4/5/2026] ⏳ Đợi bảng soạn thảo tải xong...
[11:03:40 4/5/2026] 🖼️ Tải 1 ảnh...
[11:03:40 4/5/2026] ❌ LỖI: ENOENT: no such file or directory, stat '/Users/apple/TKMG/fb-auto-poster/queue/p2.png'
[11:03:40 4/5/2026] 🏁 Kết thúc.
[11:06:34 4/5/2026] 🚀 Bắt đầu POST bài (Tổng: 4)...
[11:06:36 4/5/2026] 
📝 Đang đăng bài: cycle_1_profile
[11:06:36 4/5/2026] 🔗 Truy cập: https://www.facebook.com
[11:06:43 4/5/2026] 🔄 Đang kiểm tra tư cách người dùng hiện tại...
[11:06:43 4/5/2026] ✅ Đang ở tư cách Profile cá nhân.
[11:06:43 4/5/2026] 🔍 Đang tìm ô soạn thảo...
[11:06:45 4/5/2026] 🔘 Đã tìm thấy ô soạn thảo. Đang click...
[11:06:45 4/5/2026] ⏳ Đợi bảng soạn thảo tải xong...
[11:06:47 4/5/2026] 🖼️ Tải 1 ảnh...
[11:06:55 4/5/2026] ✍️ Nhập nội dung...
[11:06:58 4/5/2026] 🔘 Tiến hành đăng bài...
[11:07:00 4/5/2026] 🔘 Bấm nút Đăng cuối cùng (Multi-trigger)...
[11:07:17 4/5/2026] ✅ THÀNH CÔNG!
[11:07:17 4/5/2026] ⏳ Nghỉ 73s...
[11:08:30 4/5/2026] 
📝 Đang đăng bài: cycle_2_fanpage
[11:08:30 4/5/2026] 🔗 Truy cập: https://www.facebook.com/61588688891696
[11:08:37 4/5/2026] 🔄 Đang kiểm tra chuyển sang Profile Fanpage...
[11:08:37 4/5/2026] 📌 Tên Fanpage đích: VietNguyen-AI
[11:08:37 4/5/2026] 🔄 Kiểm tra yêu cầu chuyển Profile...
[11:08:37 4/5/2026] 🔘 Phát hiện banner Chuyển trực tiếp trên trang. Đang thực hiện chuyển đổi...
[11:08:37 4/5/2026] 🔄 Click nút Switch Now (Lần 1)...
[11:08:42 4/5/2026] 🔘 Bấm xác nhận trong Dialog chuyển đổi...
[11:08:52 4/5/2026] ✅ Đã thực hiện các bước chuyển đổi từ banner.
[11:08:52 4/5/2026] 🔄 Chuyển Profile hoàn tất. Truy cập lại URL để làm mới giao diện...
[11:08:59 4/5/2026] 🔍 Đang tìm ô soạn thảo...
[11:09:01 4/5/2026] 🔘 Đã tìm thấy ô soạn thảo. Đang click...
[11:09:01 4/5/2026] ⏳ Đợi bảng soạn thảo tải xong...
[11:09:03 4/5/2026] 🖼️ Tải 1 ảnh...
[11:09:11 4/5/2026] ✍️ Nhập nội dung...
[11:09:14 4/5/2026] 🔘 Tiến hành đăng bài...
[11:09:14 4/5/2026] 🔘 Bấm nút Tiếp...
[11:09:21 4/5/2026] 🔘 Bấm nút Đăng cuối cùng (Multi-trigger)...
[11:09:38 4/5/2026] ✅ THÀNH CÔNG!
[11:09:38 4/5/2026] ⏳ Nghỉ 65s...
[11:10:43 4/5/2026] 
📝 Đang đăng bài: cycle_3_profile
[11:10:43 4/5/2026] 🔗 Truy cập: https://www.facebook.com
[11:10:51 4/5/2026] 🔄 Đang kiểm tra tư cách người dùng hiện tại...
[11:10:51 4/5/2026] 🔄 Đang là Fanpage ("VietNguyen-AI"). Chuyển về Profile cá nhân...
[11:10:51 4/5/2026] 🔍 Thử chuyển về Profile (Lần 1/3)...
[11:10:58 4/5/2026] 🎯 Đã click nút: "Switch to Viet Nguyen". Đợi chuyển đổi...
[11:11:19 4/5/2026] ✅ Xác nhận trên trang chủ: Đã về Profile cá nhân!
[11:11:19 4/5/2026] 🔄 Chuyển Profile hoàn tất. Truy cập lại URL để làm mới giao diện...
[11:11:26 4/5/2026] 🔍 Đang tìm ô soạn thảo...
[11:11:28 4/5/2026] 🔘 Đã tìm thấy ô soạn thảo. Đang click...
[11:11:28 4/5/2026] ⏳ Đợi bảng soạn thảo tải xong...
[11:11:31 4/5/2026] 🖼️ Tải 1 ảnh...
[11:11:39 4/5/2026] ✍️ Nhập nội dung...
[11:11:41 4/5/2026] 🔘 Tiến hành đăng bài...
[11:11:43 4/5/2026] 🔘 Bấm nút Đăng cuối cùng (Multi-trigger)...
[11:12:00 4/5/2026] ✅ THÀNH CÔNG!
[11:12:00 4/5/2026] ⏳ Nghỉ 62s...
[11:13:03 4/5/2026] 
📝 Đang đăng bài: cycle_4_fanpage
[11:13:03 4/5/2026] 🔗 Truy cập: https://www.facebook.com/61588688891696
[11:13:10 4/5/2026] 🔄 Đang kiểm tra chuyển sang Profile Fanpage...
[11:13:10 4/5/2026] 📌 Tên Fanpage đích: VietNguyen-AI
[11:13:10 4/5/2026] 🔄 Kiểm tra yêu cầu chuyển Profile...
[11:13:10 4/5/2026] 🔘 Phát hiện banner Chuyển trực tiếp trên trang. Đang thực hiện chuyển đổi...
[11:13:10 4/5/2026] 🔄 Click nút Switch Now (Lần 1)...
[11:13:15 4/5/2026] 🔘 Bấm xác nhận trong Dialog chuyển đổi...
[11:13:25 4/5/2026] ✅ Đã thực hiện các bước chuyển đổi từ banner.
[11:13:25 4/5/2026] 🔄 Chuyển Profile hoàn tất. Truy cập lại URL để làm mới giao diện...
[11:13:31 4/5/2026] 🔍 Đang tìm ô soạn thảo...
[11:13:33 4/5/2026] 🔘 Đã tìm thấy ô soạn thảo. Đang click...
[11:13:33 4/5/2026] ⏳ Đợi bảng soạn thảo tải xong...
[11:13:36 4/5/2026] 🖼️ Tải 1 ảnh...
[11:13:44 4/5/2026] ✍️ Nhập nội dung...
[11:13:46 4/5/2026] 🔘 Tiến hành đăng bài...
[11:13:46 4/5/2026] 🔘 Bấm nút Tiếp...
[11:13:53 4/5/2026] 🔘 Bấm nút Đăng cuối cùng (Multi-trigger)...
[11:14:11 4/5/2026] ✅ THÀNH CÔNG!
[11:14:11 4/5/2026] 🏁 Kết thúc.
